user_id,rho_a,Nw,pd_t,pw_t,p_Na,A_best,A_fit,p_value_reshuffle
325277511,6.89062173199423,62.43764428681854,"[0.00802304 0.00390866 0.00267435 0.00205719 0.00349722 0.02406912
 0.05451553 0.06912158 0.08660769 0.08167044 0.06685867 0.05842419
 0.05328122 0.04710965 0.056367   0.0530755  0.0444353  0.04278955
 0.05245834 0.05410409 0.04525818 0.04196667 0.02715491 0.0205719 ]","[0.18185559 0.18617568 0.14400329 0.17630117 0.07097305 0.07447027
 0.16622094]","[8.50442296e-01 1.21374203e-01 2.13947747e-02 5.34869368e-03
 1.23431393e-03 0.00000000e+00 2.05718988e-04]",0.13546187027799583,0.15259809461763485,0.0
274636082,2.4408499936379147,20.08205759449798,"[0.06434073 0.06660625 0.07521522 0.07566833 0.07748074 0.07476212
 0.06796556 0.03171726 0.00589035 0.00135931 0.00090621 0.00271862
 0.01359311 0.0235614  0.05573176 0.03987313 0.02718623 0.0357952
 0.03715451 0.0362483  0.03352968 0.03035795 0.05256004 0.06977798]","[0.16719529 0.14046217 0.14318079 0.14091527 0.15178976 0.11961939
 0.13683734]","[7.26778432e-01 1.58133213e-01 6.79655641e-02 2.35613956e-02
 1.04213865e-02 4.98414137e-03 3.62483009e-03 1.35931128e-03
 1.35931128e-03 4.53103761e-04 4.53103761e-04 4.53103761e-04
 4.53103761e-04]",0.27112520381161875,0.3747629572848748,0.0
323309626,0.6245222484995949,3.08209978239805,"[0.08892128 0.0845481  0.0728863  0.06413994 0.0335277  0.02915452
 0.04227405 0.04227405 0.03498542 0.01020408 0.00291545 0.
 0.         0.         0.         0.00437318 0.01311953 0.06705539
 0.04810496 0.0728863  0.10641399 0.06559767 0.0728863  0.04373178]","[0.16180758 0.12244898 0.13702624 0.11661808 0.16034985 0.16763848
 0.13411079]","[0.4941691  0.15014577 0.10058309 0.05685131 0.05685131 0.03061224
 0.03498542 0.02915452 0.01749271 0.0058309  0.01166181 0.00291545
 0.00291545 0.00145773 0.00145773 0.         0.00145773 0.
 0.         0.         0.         0.         0.         0.
 0.         0.         0.         0.         0.         0.00145773]",0.2720430011729747,0.27021272220005493,0.0
1848901170,1.0430437131563666,6.69479521414047,"[0.0249777  0.02676182 0.01962533 0.03300624 0.05084746 0.0544157
 0.04906334 0.06690455 0.06333631 0.08206958 0.07314897 0.0249777
 0.06512043 0.0793934  0.04727921 0.03746655 0.01338091 0.01159679
 0.01159679 0.00802855 0.00178412 0.00267618 0.0749331  0.07760928]","[0.1677074  0.17216771 0.13916146 0.17484389 0.16859946 0.07136485
 0.10615522]","[0.68688671 0.17930419 0.06244425 0.02586976 0.02230152 0.00713649
 0.0044603  0.00535236 0.00356824 0.00089206 0.00089206 0.00089206]",0.3523340776929665,0.3734119726756185,0.0
4473225,1.1211241406181078,9.511340045125422,"[0.09431138 0.06437126 0.04266467 0.05838323 0.07634731 0.08757485
 0.0741018  0.06961078 0.03592814 0.06736527 0.01796407 0.
 0.         0.         0.         0.         0.         0.
 0.         0.03068862 0.03742515 0.05838323 0.09431138 0.09056886]","[0.1744012  0.17290419 0.1242515  0.08982036 0.1497006  0.12949102
 0.15943114]","[7.78443114e-01 1.44461078e-01 5.46407186e-02 1.49700599e-02
 4.49101796e-03 1.49700599e-03 7.48502994e-04 7.48502994e-04]",0.209434424559077,0.2038683811498897,0.0
145800528,0.34733692655335907,1.3030670059053764,"[0.0305499  0.07739308 0.07942974 0.04684318 0.04684318 0.04276986
 0.06924644 0.07535642 0.0610998  0.06313646 0.0712831  0.03462322
 0.03869654 0.02851324 0.06720978 0.06517312 0.04480652 0.04887984
 0.00814664 0.         0.         0.         0.         0.        ]","[0.16700611 0.16904277 0.13034623 0.12627291 0.20162933 0.10183299
 0.10386965]","[0.57230143 0.16700611 0.09572301 0.0407332  0.03258656 0.01629328
 0.0101833  0.01425662 0.00610998 0.00203666 0.00814664 0.00407332
 0.00203666 0.00203666 0.00203666 0.         0.         0.00203666
 0.00203666 0.         0.         0.         0.00407332 0.
 0.         0.         0.         0.         0.         0.
 0.         0.         0.         0.         0.         0.
 0.         0.         0.         0.         0.         0.
 0.         0.         0.00203666 0.00203666 0.00203666 0.
 0.         0.         0.         0.00203666 0.         0.
 0.         0.00203666 0.         0.         0.         0.
 0.         0.         0.         0.         0.         0.
 0.         0.         0.         0.         0.         0.
 0.         0.         0.         0.         0.         0.
 0.         0.         0.         0.         0.         0.
 0.         0.         0.         0.         0.         0.
 0.00203666 0.         0.         0.         0.         0.
 0.         0.         0.         0.         0.         0.
 0.         0.         0.         0.         0.         0.
 0.         0.         0.         0.         0.         0.
 0.         0.         0.         0.         0.         0.00203666
 0.         0.         0.         0.         0.         0.
 0.         0.         0.         0.         0.         0.
 0.         0.         0.         0.         0.         0.
 0.         0.         0.         0.         0.         0.
 0.         0.         0.         0.00203666]",0.49549272628592544,0.528236453325214,0.0
6988965722,1.2809808849614122,9.60867168540037,"[0.01267829 0.0110935  0.0118859  0.00950872 0.00158479 0.00396197
 0.01030111 0.01584786 0.0681458  0.08399366 0.05942948 0.04199683
 0.06893819 0.04358162 0.04833597 0.04675119 0.05784469 0.0459588
 0.08082409 0.09825674 0.08399366 0.03961965 0.02535658 0.03011094]","[0.19175911 0.13232964 0.23217116 0.12836767 0.08557845 0.08874802
 0.14104596]","[8.18541997e-01 1.29160063e-01 3.32805071e-02 1.26782884e-02
 3.96196513e-03 7.92393027e-04 1.58478605e-03]",0.1440881860306853,0.18634098780090072,0.0
32432053,0.4115534087704889,1.54273121920902,"[0.12953368 0.09499136 0.06908463 0.09326425 0.06217617 0.0552677
 0.04835924 0.04145078 0.05008636 0.04835924 0.02936097 0.04663212
 0.03972366 0.0328152  0.02590674 0.02072539 0.00863558 0.
 0.00172712 0.         0.         0.00345423 0.03626943 0.06217617]","[0.1537133  0.15198618 0.15544041 0.14853195 0.16580311 0.10017271
 0.12435233]","[0.6148532  0.19516408 0.07772021 0.04490501 0.0224525  0.01727116
 0.00690846 0.00518135 0.00345423 0.00172712 0.00172712 0.00172712
 0.00172712 0.         0.         0.         0.         0.
 0.         0.         0.         0.00172712 0.         0.
 0.         0.         0.         0.         0.         0.
 0.         0.         0.00172712 0.         0.         0.
 0.         0.         0.         0.         0.         0.
 0.         0.         0.         0.         0.         0.
 0.         0.         0.         0.         0.         0.
 0.         0.         0.         0.         0.         0.
 0.         0.         0.         0.         0.         0.
 0.         0.         0.         0.         0.         0.
 0.         0.         0.         0.         0.         0.
 0.         0.         0.         0.         0.         0.
 0.         0.         0.         0.         0.         0.
 0.         0.         0.         0.         0.         0.
 0.         0.         0.         0.         0.         0.
 0.         0.         0.         0.         0.         0.
 0.         0.         0.         0.         0.         0.
 0.         0.         0.         0.         0.         0.
 0.         0.         0.         0.         0.         0.
 0.         0.         0.         0.         0.         0.
 0.         0.         0.         0.         0.         0.
 0.         0.         0.         0.         0.         0.
 0.         0.         0.         0.         0.         0.
 0.         0.         0.         0.         0.         0.
 0.         0.         0.         0.         0.         0.
 0.         0.         0.         0.         0.         0.
 0.         0.         0.         0.         0.         0.
 0.         0.         0.         0.         0.         0.
 0.         0.         0.         0.         0.         0.
 0.         0.         0.         0.         0.         0.
 0.         0.         0.         0.         0.         0.
 0.         0.         0.         0.         0.         0.
 0.         0.         0.         0.00172712]",0.6101995412542243,0.6331217677278482,0.0
786960293,0.42624407152421295,1.0624757671775773,"[0.12195122 0.07317073 0.10731707 0.09756098 0.0195122  0.06341463
 0.02926829 0.05853659 0.03414634 0.02926829 0.07804878 0.09756098
 0.03902439 0.03902439 0.02926829 0.0097561  0.0097561  0.
 0.         0.         0.         0.         0.0195122  0.04390244]","[0.23414634 0.10731707 0.17560976 0.11219512 0.14634146 0.10731707
 0.11707317]","[0.45853659 0.15121951 0.07804878 0.07317073 0.01463415 0.01463415
 0.0195122  0.02926829 0.0097561  0.02439024 0.0097561  0.00487805
 0.         0.00487805 0.         0.01463415 0.         0.01463415
 0.         0.00487805 0.0097561  0.00487805 0.00487805 0.00487805
 0.00487805 0.         0.0097561  0.         0.         0.0097561
 0.         0.         0.         0.         0.         0.
 0.00487805 0.         0.         0.         0.         0.
 0.         0.         0.         0.00487805 0.         0.
 0.         0.         0.         0.         0.         0.
 0.         0.         0.         0.         0.         0.
 0.         0.         0.         0.         0.         0.
 0.         0.         0.         0.         0.         0.00487805
 0.         0.         0.         0.         0.         0.
 0.         0.         0.         0.         0.         0.
 0.         0.         0.00487805 0.         0.         0.
 0.         0.         0.         0.         0.         0.
 0.         0.         0.         0.         0.         0.
 0.         0.00487805]",1.0825761848888138,1.0660113336797157,0.0
302926911,0.6990763411627892,5.5753091924239975,"[0.05615764 0.05714286 0.01576355 0.00197044 0.         0.
 0.00098522 0.04729064 0.08275862 0.02857143 0.01083744 0.0226601
 0.02758621 0.03743842 0.08275862 0.08669951 0.06009852 0.08866995
 0.03349754 0.02758621 0.03940887 0.04827586 0.04630542 0.09753695]","[0.11231527 0.11034483 0.18128079 0.15960591 0.13990148 0.11625616
 0.18029557]",[0.87192118 0.1044335  0.01871921 0.00394089 0.         0.00098522],0.22491964534053743,0.251951821497731,0.0
1232695,0.8939331990435686,8.752683701533805,"[0.07259953 0.05737705 0.03629977 0.05152225 0.05386417 0.06791569
 0.07142857 0.05269321 0.05035129 0.01873536 0.01873536 0.0058548
 0.         0.00117096 0.0058548  0.01639344 0.03395785 0.03512881
 0.03044496 0.05152225 0.05737705 0.06908665 0.06440281 0.07728337]","[0.15690867 0.17447307 0.12412178 0.13466042 0.11826698 0.11826698
 0.17330211]",[0.88407494 0.10070258 0.01053864 0.00468384],0.15510028330322229,0.21857675684812086,0.0
475576603,0.8351587047656609,4.578198667978536,"[0.06683168 0.04207921 0.05693069 0.06188119 0.06683168 0.07178218
 0.03217822 0.03712871 0.00990099 0.0470297  0.02227723 0.05693069
 0.06188119 0.05693069 0.03217822 0.06188119 0.06435644 0.04950495
 0.05693069 0.00742574 0.         0.01980198 0.0049505  0.01237624]","[0.16336634 0.18316832 0.11633663 0.12376238 0.1980198  0.09158416
 0.12376238]","[0.51980198 0.22029703 0.10891089 0.04950495 0.02475248 0.01732673
 0.02227723 0.0049505  0.00990099 0.0049505  0.00742574 0.00247525
 0.00247525 0.0049505 ]",0.4660195143021001,0.4549159515991223,0.0
428716184,0.26084796290162754,1.8508334456928102,"[0.01729107 0.00432277 0.         0.         0.         0.00144092
 0.01152738 0.02881844 0.07348703 0.06340058 0.05619597 0.05043228
 0.03314121 0.03458213 0.04899135 0.07060519 0.08213256 0.06628242
 0.07636888 0.05043228 0.08213256 0.05475504 0.07060519 0.02305476]","[0.15273775 0.14409222 0.14409222 0.15994236 0.13688761 0.1167147
 0.14553314]",[0.78818444 0.15129683 0.03458213 0.01585014 0.00576369 0.00432277],0.34350574740964035,0.38872767948200077,0.0
185880661,0.6633698738318896,2.4893085674989797,"[0.09839817 0.15102975 0.17162471 0.05034325 0.01601831 0.01144165
 0.00228833 0.00228833 0.         0.         0.         0.
 0.         0.00228833 0.12128146 0.14874142 0.05263158 0.02517162
 0.01601831 0.02059497 0.01830664 0.02745995 0.01372998 0.05034325]","[0.201373   0.2402746  0.17391304 0.14874142 0.09153318 0.01830664
 0.12585812]","[0.59954233 0.19679634 0.08695652 0.04805492 0.03203661 0.01372998
 0.00686499 0.00228833 0.00457666 0.00228833 0.00457666 0.00228833]",0.3715798589029631,0.38067599522209855,0.0
8336493019,4.159522922102125,31.009746248394997,"[0.12   0.0704 0.0816 0.0896 0.0672 0.0432 0.0688 0.04   0.0176 0.0384
 0.0256 0.0416 0.048  0.0704 0.0512 0.0352 0.0064 0.     0.     0.
 0.     0.0032 0.0208 0.0608]",[0.1648 0.2272 0.1648 0.152  0.0752 0.104  0.112 ],[0.8048 0.1312 0.04   0.0128 0.008  0.0032],0.2498836013906226,0.38849080356325344,0.0
412633448,0.5999410314370738,4.055598936400477,"[0.0317757  0.07102804 0.04859813 0.0953271  0.05794393 0.07102804
 0.04859813 0.05420561 0.05420561 0.05046729 0.06168224 0.02429907
 0.01682243 0.00747664 0.00747664 0.         0.         0.
 0.00560748 0.0411215  0.07476636 0.08224299 0.05981308 0.03551402]","[0.16448598 0.0953271  0.08598131 0.11962617 0.19439252 0.14766355
 0.19252336]","[0.76635514 0.14766355 0.05981308 0.01869159 0.         0.00560748
 0.         0.00186916]",0.27354668697537887,0.3035246893505146,0.0
698141415,0.9382093807947963,5.338503360472667,"[0.0880829  0.0492228  0.04663212 0.05699482 0.0984456  0.07772021
 0.06735751 0.04404145 0.02072539 0.02849741 0.01295337 0.
 0.         0.         0.00259067 0.00518135 0.01554404 0.08549223
 0.10103627 0.05440415 0.04404145 0.02849741 0.01813472 0.05440415]","[0.19948187 0.33419689 0.15803109 0.06217617 0.07253886 0.05958549
 0.11398964]","[0.68134715 0.14507772 0.08031088 0.03367876 0.02590674 0.00518135
 0.00518135 0.         0.00518135 0.00518135 0.         0.00259067
 0.         0.00259067 0.00518135 0.         0.00259067]",0.27340359496460404,0.3647533126308609,0.0
1749791091,1.9339899348545044,16.825696850394785,"[0.06957929 0.08576052 0.05501618 0.05339806 0.04854369 0.07119741
 0.03074434 0.06634304 0.06472492 0.06148867 0.08252427 0.02750809
 0.01294498 0.         0.         0.         0.         0.00161812
 0.00323625 0.02912621 0.03883495 0.0631068  0.05501618 0.07928803]","[0.2184466  0.15695793 0.1618123  0.16666667 0.11165049 0.09708738
 0.08737864]",[0.8802589  0.10194175 0.01456311 0.00323625],0.13549145241290125,0.16654385840347014,0.0
824741313,0.5610257604328188,2.9186680478622957,"[0.03693182 0.02556818 0.02556818 0.04261364 0.04829545 0.08238636
 0.12215909 0.09375    0.04545455 0.05113636 0.05113636 0.02272727
 0.01988636 0.03977273 0.03125    0.03125    0.05397727 0.02272727
 0.         0.         0.         0.         0.03977273 0.11363636]","[0.21590909 0.13636364 0.15056818 0.13068182 0.14204545 0.09090909
 0.13352273]","[0.62215909 0.17613636 0.09090909 0.02272727 0.01988636 0.03409091
 0.01136364 0.00284091 0.00284091 0.00852273 0.         0.00284091
 0.00284091 0.00284091]",0.40322295734197106,0.42297976203344984,0.0
8786749,0.40333893526298203,1.7967435112705659,"[0.28054299 0.13574661 0.03846154 0.00904977 0.00678733 0.00226244
 0.         0.01131222 0.01809955 0.05429864 0.11085973 0.1199095
 0.02036199 0.00226244 0.00678733 0.         0.         0.
 0.         0.         0.         0.         0.         0.18325792]","[0.19909502 0.20588235 0.16968326 0.12895928 0.0158371  0.03846154
 0.24208145]","[0.65158371 0.21719457 0.08371041 0.03393665 0.00904977 0.00226244
 0.00226244]",0.5204365181935695,0.5294498790533768,0.0
8140246566,2.1929249640295647,10.858599698750211,"[0.03759398 0.0037594  0.         0.         0.         0.
 0.         0.         0.         0.08270677 0.08270677 0.05639098
 0.01879699 0.07142857 0.08270677 0.06766917 0.04887218 0.06766917
 0.05639098 0.03759398 0.02631579 0.10150376 0.10150376 0.05639098]","[0.16917293 0.19172932 0.15789474 0.19548872 0.07518797 0.03383459
 0.17669173]","[0.4924812  0.15037594 0.11654135 0.10150376 0.05639098 0.03383459
 0.02255639 0.         0.0112782  0.0075188  0.         0.0037594
 0.         0.         0.         0.         0.         0.
 0.0037594 ]",0.4239041631396402,0.5238940481397245,0.0
53034376,1.3851522976154151,8.971260152787206,"[0.07293666 0.05950096 0.07869482 0.03454894 0.02111324 0.05950096
 0.02303263 0.02303263 0.04414587 0.06333973 0.04798464 0.04798464
 0.12476008 0.0940499  0.03454894 0.01919386 0.00191939 0.
 0.         0.         0.         0.         0.03454894 0.11516315]","[0.16314779 0.22072937 0.16122841 0.16314779 0.12476008 0.0806142
 0.08637236]","[0.81765835 0.14587332 0.02303263 0.00767754 0.00191939 0.00191939
 0.         0.00191939]",0.15934542004285013,0.37380357358928573,0.15
487798597,0.1509148983679582,0.2145190103073813,"[0.23404255 0.         0.0212766  0.0212766  0.04255319 0.12765957
 0.06382979 0.08510638 0.0212766  0.         0.04255319 0.0212766
 0.0212766  0.06382979 0.06382979 0.06382979 0.04255319 0.0212766
 0.         0.         0.         0.         0.         0.04255319]","[0.4893617  0.10638298 0.04255319 0.14893617 0.06382979 0.08510638
 0.06382979]","[0.40425532 0.08510638 0.12765957 0.06382979 0.06382979 0.04255319
 0.0212766  0.0212766  0.         0.         0.0212766  0.0212766
 0.         0.         0.         0.         0.         0.0212766
 0.         0.         0.         0.         0.         0.
 0.         0.         0.         0.         0.         0.
 0.         0.         0.         0.         0.         0.
 0.         0.         0.         0.         0.0212766  0.
 0.         0.         0.         0.         0.         0.0212766
 0.         0.         0.         0.         0.         0.
 0.         0.         0.         0.         0.         0.
 0.         0.         0.         0.         0.         0.
 0.0212766  0.         0.         0.         0.         0.
 0.         0.0212766  0.         0.         0.         0.
 0.         0.         0.         0.         0.         0.
 0.         0.         0.         0.         0.         0.
 0.         0.         0.         0.         0.         0.
 0.         0.         0.         0.         0.         0.
 0.         0.         0.         0.         0.         0.
 0.         0.         0.         0.         0.         0.
 0.         0.         0.         0.         0.         0.
 0.         0.         0.         0.         0.         0.
 0.         0.         0.         0.         0.         0.
 0.         0.         0.         0.         0.         0.
 0.         0.         0.         0.         0.         0.
 0.         0.         0.         0.         0.         0.
 0.         0.         0.         0.         0.         0.
 0.         0.         0.         0.         0.         0.
 0.         0.         0.         0.         0.         0.
 0.         0.         0.         0.         0.         0.
 0.         0.         0.         0.         0.         0.
 0.         0.         0.         0.         0.         0.
 0.         0.         0.         0.         0.         0.
 0.         0.         0.         0.         0.         0.
 0.         0.         0.         0.         0.         0.
 0.         0.         0.         0.         0.         0.
 0.         0.         0.         0.         0.         0.
 0.         0.         0.0212766 ]",1.653741204989217,1.668777843285177,0.0
1273291262,0.5044247787610573,3.9108448798528097,"[0.02315789 0.04631579 0.04       0.05473684 0.04210526 0.05894737
 0.09263158 0.02315789 0.04631579 0.02736842 0.01473684 0.00421053
 0.         0.         0.         0.01684211 0.00210526 0.01684211
 0.03368421 0.06526316 0.05263158 0.12210526 0.11789474 0.09894737]","[0.15789474 0.18315789 0.14736842 0.08842105 0.04210526 0.19157895
 0.18947368]",[0.79789474 0.17052632 0.02526316 0.00631579],0.20295318528044506,0.22193496693706127,0.0
5357949,0.8410738559130493,3.6090300593120013,"[0.09354839 0.0516129  0.02903226 0.00967742 0.00645161 0.01935484
 0.01612903 0.00645161 0.         0.         0.         0.00645161
 0.         0.12580645 0.1516129  0.15483871 0.03548387 0.02580645
 0.00322581 0.02258065 0.03225806 0.03225806 0.04193548 0.13548387]","[0.24516129 0.18709677 0.12903226 0.13225806 0.05483871 0.06451613
 0.18709677]","[0.62258065 0.20322581 0.08387097 0.04516129 0.01935484 0.00645161
 0.01290323 0.00322581 0.         0.00322581]",0.3564164914778075,0.39136833485482897,0.0
379364280,0.22072939318808424,1.1667165388930258,"[0.10144928 0.0531401  0.01932367 0.00483092 0.         0.00483092
 0.         0.00966184 0.02898551 0.01932367 0.03381643 0.04830918
 0.03864734 0.02415459 0.02898551 0.07246377 0.0821256  0.05797101
 0.04347826 0.09661836 0.01932367 0.06763285 0.03864734 0.10628019]","[0.18357488 0.15458937 0.22222222 0.14975845 0.09661836 0.03864734
 0.15458937]","[0.5942029  0.17391304 0.07729469 0.02898551 0.03381643 0.00966184
 0.01932367 0.00483092 0.01449275 0.00483092 0.00966184 0.
 0.         0.00483092 0.00483092 0.         0.00966184 0.
 0.         0.         0.         0.         0.         0.00483092
 0.         0.         0.         0.         0.         0.
 0.         0.         0.         0.         0.         0.
 0.         0.         0.         0.         0.         0.
 0.00483092]",0.43828503032182553,0.4317090091715555,0.0
1134520908,0.44802409007514077,3.122701202539317,"[0.02445652 0.05434783 0.06521739 0.05434783 0.07065217 0.08423913
 0.07608696 0.07608696 0.03532609 0.03532609 0.0326087  0.03532609
 0.00271739 0.         0.         0.         0.         0.
 0.         0.11956522 0.10326087 0.05434783 0.05163043 0.02445652]","[0.19293478 0.22826087 0.13043478 0.17391304 0.14402174 0.04347826
 0.08695652]",[0.70652174 0.20380435 0.05434783 0.01902174 0.00815217 0.00815217],0.3689913773316466,0.46849758989829415,0.0
459294324,0.569076937915942,3.907748175933035,"[0.04534005 0.05541562 0.04785894 0.04282116 0.04282116 0.06549118
 0.07808564 0.07304786 0.04785894 0.08060453 0.06549118 0.08564232
 0.04785894 0.04030227 0.05541562 0.01259446 0.00251889 0.
 0.         0.         0.         0.00503778 0.07556675 0.0302267 ]","[0.23677582 0.17380353 0.15869018 0.0906801  0.11335013 0.07808564
 0.14861461]","[0.78085642 0.17380353 0.02518892 0.01259446 0.00503778 0.
 0.00251889]",0.1932918499516526,0.3310602788990386,0.0
5561907303,0.29810333535793176,1.7894329722434337,"[0.10666667 0.04666667 0.06       0.05666667 0.02666667 0.03
 0.04       0.06666667 0.06       0.04333333 0.06333333 0.06
 0.02666667 0.06       0.02       0.01333333 0.00333333 0.
 0.         0.00333333 0.00333333 0.00666667 0.03333333 0.17      ]","[0.17       0.17333333 0.16666667 0.17666667 0.12333333 0.07333333
 0.11666667]","[0.65       0.21666667 0.05       0.04333333 0.01666667 0.
 0.01333333 0.         0.         0.00333333 0.         0.00666667]",0.35195320436646077,0.3832442333907828,0.0
1366797899,0.26087592089012895,1.4160115261351043,"[0.04291845 0.03862661 0.         0.         0.         0.
 0.         0.         0.00429185 0.04291845 0.06008584 0.0472103
 0.05150215 0.04291845 0.06437768 0.05579399 0.02575107 0.0944206
 0.11158798 0.08154506 0.03004292 0.04291845 0.0944206  0.06866953]","[0.15879828 0.08154506 0.13304721 0.15450644 0.09871245 0.19313305
 0.18025751]","[0.60515021 0.15879828 0.0944206  0.06008584 0.03433476 0.00858369
 0.00858369 0.01716738 0.00429185 0.00429185 0.00429185]",0.43675995098111864,0.4754929386266836,0.0
5719413972,0.14305815927407448,0.6282456277541558,"[0.08411215 0.02803738 0.02803738 0.08411215 0.01869159 0.06542056
 0.04672897 0.06542056 0.12149533 0.06542056 0.02803738 0.00934579
 0.         0.02803738 0.         0.         0.         0.
 0.         0.03738318 0.06542056 0.04672897 0.08411215 0.09345794]","[0.21495327 0.18691589 0.1682243  0.10280374 0.04672897 0.06542056
 0.21495327]","[0.4953271  0.14018692 0.08411215 0.06542056 0.02803738 0.02803738
 0.03738318 0.01869159 0.00934579 0.01869159 0.         0.
 0.         0.00934579 0.00934579 0.         0.00934579 0.
 0.         0.         0.         0.         0.00934579 0.
 0.         0.         0.         0.00934579 0.00934579 0.
 0.         0.         0.         0.         0.         0.00934579
 0.         0.         0.         0.         0.         0.
 0.         0.         0.         0.         0.         0.
 0.         0.         0.         0.         0.         0.
 0.         0.         0.         0.         0.         0.00934579]",0.6316327031249362,0.5984277054927698,0.0
17798588,0.3440180575351454,1.6069653281279386,"[0.10970464 0.01687764 0.06751055 0.07594937 0.0464135  0.10970464
 0.05907173 0.02953586 0.01687764 0.03797468 0.02953586 0.00843882
 0.00843882 0.02109705 0.01265823 0.         0.         0.
 0.         0.         0.         0.00843882 0.16033755 0.1814346 ]","[0.26160338 0.10126582 0.16455696 0.11814346 0.10970464 0.10970464
 0.1350211 ]","[0.61181435 0.17299578 0.092827   0.04219409 0.02531646 0.02531646
 0.00843882 0.00843882 0.00421941 0.00421941 0.         0.
 0.00421941]",0.44684435346296014,0.5163022069987142,0.0
7131310213,0.8532961036457437,6.3196972262044255,"[0.10497238 0.03038674 0.01657459 0.0441989  0.02486188 0.02486188
 0.04143646 0.11325967 0.05801105 0.01104972 0.00276243 0.
 0.00276243 0.         0.         0.0359116  0.03867403 0.03314917
 0.02209945 0.02209945 0.08563536 0.08839779 0.08563536 0.11325967]","[0.16574586 0.17955801 0.1519337  0.13259669 0.12430939 0.06629834
 0.17955801]",[0.82044199 0.12707182 0.0359116  0.01381215 0.00276243],0.18745353869691733,0.24327625560752902,0.05
34343445,0.6715411135723935,4.291973250440951,"[0.08928571 0.0922619  0.08035714 0.01785714 0.02083333 0.03571429
 0.04166667 0.0327381  0.0297619  0.08928571 0.21428571 0.08630952
 0.04464286 0.01785714 0.02678571 0.01190476 0.         0.
 0.         0.         0.         0.         0.00297619 0.06547619]","[0.22321429 0.19642857 0.14880952 0.19940476 0.10714286 0.04166667
 0.08333333]","[0.77083333 0.16964286 0.03869048 0.00595238 0.01190476 0.
 0.         0.00297619]",0.31346399455309276,0.3433697507789653,0.0
10589166,0.36649083459673737,3.2892455741459887,"[0.01643836 0.03835616 0.04931507 0.0630137  0.09589041 0.04931507
 0.01917808 0.02465753 0.00273973 0.         0.0109589  0.00273973
 0.02739726 0.00547945 0.03561644 0.07671233 0.05205479 0.08493151
 0.05205479 0.04383562 0.03013699 0.06575342 0.09589041 0.05753425]","[0.18356164 0.1369863  0.23013699 0.18082192 0.05753425 0.07123288
 0.13972603]",[0.85479452 0.11232877 0.03287671],0.17416079160537754,0.27417585099836494,0.0
5650909208,0.30561903338103324,1.4468008442967513,"[0.01851852 0.04074074 0.09259259 0.14814815 0.06666667 0.08518519
 0.08148148 0.07037037 0.06296296 0.15185185 0.06666667 0.00740741
 0.         0.         0.         0.0037037  0.00740741 0.00740741
 0.01481481 0.0037037  0.01111111 0.01481481 0.01851852 0.02592593]","[0.19259259 0.14814815 0.16666667 0.12962963 0.12222222 0.07407407
 0.16666667]","[0.68518519 0.18518519 0.06296296 0.04814815 0.0037037  0.0037037
 0.0037037  0.0037037  0.         0.         0.         0.
 0.         0.         0.0037037 ]",0.39793953633792967,0.4076936325126615,0.0
682392666,0.13206771707453932,0.31579647232969166,"[0.35555556 0.04444444 0.02222222 0.         0.02222222 0.
 0.         0.         0.         0.04444444 0.02222222 0.08888889
 0.02222222 0.02222222 0.11111111 0.         0.         0.
 0.         0.         0.         0.         0.         0.24444444]","[0.15555556 0.13333333 0.2        0.02222222 0.04444444 0.17777778
 0.26666667]","[0.35555556 0.11111111 0.04444444 0.06666667 0.08888889 0.04444444
 0.04444444 0.04444444 0.         0.02222222 0.02222222 0.
 0.04444444 0.02222222 0.         0.         0.         0.
 0.         0.         0.         0.         0.         0.
 0.         0.         0.02222222 0.         0.         0.
 0.         0.         0.         0.         0.         0.
 0.         0.         0.         0.         0.         0.
 0.         0.         0.         0.         0.         0.
 0.         0.         0.         0.         0.         0.
 0.         0.         0.         0.         0.         0.
 0.         0.         0.         0.         0.02222222 0.
 0.         0.         0.02222222 0.         0.         0.
 0.         0.         0.         0.         0.         0.
 0.         0.         0.         0.         0.         0.
 0.         0.         0.         0.         0.         0.
 0.02222222]",0.9104037106290066,0.9408648392246914,0.0
170506767,0.38257366820337213,1.6992578229455915,"[0.09160305 0.0610687  0.19465649 0.08396947 0.0648855  0.08778626
 0.04198473 0.09923664 0.0610687  0.04198473 0.00763359 0.00763359
 0.03435115 0.01145038 0.         0.         0.         0.
 0.         0.         0.00381679 0.00381679 0.03435115 0.06870229]","[0.20229008 0.20229008 0.16030534 0.15648855 0.16793893 0.02671756
 0.08396947]",[0.66030534 0.19847328 0.08778626 0.03435115 0.01145038 0.00763359],0.32383353335833276,0.4155679351528743,0.0
477750479,0.0836607838876948,0.33926143969604905,"[0.10169492 0.13559322 0.01694915 0.         0.05084746 0.05084746
 0.03389831 0.05084746 0.10169492 0.06779661 0.03389831 0.
 0.         0.         0.         0.         0.         0.03389831
 0.03389831 0.05084746 0.         0.08474576 0.08474576 0.06779661]","[0.13559322 0.18644068 0.11864407 0.23728814 0.16949153 0.05084746
 0.10169492]","[0.30508475 0.13559322 0.06779661 0.03389831 0.05084746 0.06779661
 0.01694915 0.11864407 0.01694915 0.05084746 0.         0.01694915
 0.01694915 0.         0.03389831 0.         0.         0.
 0.         0.         0.         0.         0.01694915 0.
 0.         0.         0.         0.         0.         0.
 0.         0.         0.         0.         0.         0.01694915
 0.         0.         0.         0.         0.         0.
 0.         0.01694915 0.         0.         0.         0.
 0.         0.         0.         0.         0.         0.
 0.01694915]",0.6086475071089343,0.6997412569874194,0.0
955992174,0.34007814738381,2.39806390627834,"[0.01269841 0.02857143 0.01904762 0.02222222 0.0031746  0.0031746
 0.00952381 0.01904762 0.02857143 0.01269841 0.02222222 0.08888889
 0.0984127  0.07619048 0.05396825 0.06984127 0.05396825 0.06984127
 0.08888889 0.06349206 0.02857143 0.06666667 0.04444444 0.01587302]","[0.13333333 0.15873016 0.20634921 0.15555556 0.0984127  0.08571429
 0.16190476]",[0.78095238 0.16825397 0.03174603 0.01904762],0.36429252478101015,0.49004116141897003,0.0
11645192,0.4274596616939756,1.0077192127829837,"[0.18181818 0.03636364 0.01818182 0.03636364 0.         0.
 0.         0.         0.         0.         0.         0.
 0.         0.30909091 0.16363636 0.         0.09090909 0.05454545
 0.         0.03636364 0.         0.03636364 0.         0.03636364]","[0.2        0.09090909 0.2        0.10909091 0.07272727 0.
 0.32727273]","[0.56363636 0.12727273 0.05454545 0.05454545 0.01818182 0.01818182
 0.         0.         0.         0.         0.         0.03636364
 0.         0.01818182 0.         0.         0.         0.
 0.         0.         0.01818182 0.         0.         0.
 0.         0.         0.         0.01818182 0.         0.01818182
 0.         0.         0.         0.         0.         0.
 0.         0.         0.01818182 0.         0.         0.
 0.         0.         0.         0.         0.         0.
 0.         0.         0.         0.         0.         0.
 0.         0.         0.         0.         0.         0.
 0.         0.         0.         0.         0.         0.
 0.01818182 0.         0.         0.         0.         0.
 0.         0.         0.         0.         0.         0.
 0.         0.         0.         0.         0.         0.
 0.         0.         0.         0.         0.01818182]",1.2117555347090105,1.2010992136750602,0.0
405690380,0.30994115306486597,1.8014560617779942,"[0.13636364 0.07024793 0.02479339 0.03305785 0.06198347 0.06198347
 0.05785124 0.0661157  0.02892562 0.04132231 0.03305785 0.03305785
 0.02479339 0.05371901 0.00413223 0.00413223 0.         0.
 0.         0.         0.         0.01652893 0.05371901 0.19421488]","[0.18595041 0.21900826 0.17768595 0.15702479 0.11157025 0.03719008
 0.11157025]","[0.64876033 0.2231405  0.05785124 0.03305785 0.02066116 0.00826446
 0.00826446]",0.3217441518437156,0.3392564036365762,0.0
1992063859,0.3286096861215769,1.240064607449051,"[0.04819277 0.06626506 0.03614458 0.03614458 0.04216867 0.03012048
 0.04216867 0.0060241  0.         0.0060241  0.0060241  0.0060241
 0.         0.         0.         0.         0.         0.01807229
 0.04216867 0.12048193 0.1686747  0.08433735 0.13855422 0.10240964]","[0.25903614 0.12650602 0.15662651 0.13253012 0.04216867 0.10240964
 0.18072289]","[0.58433735 0.18072289 0.13253012 0.03614458 0.01807229 0.01204819
 0.0060241  0.         0.         0.0060241  0.0060241  0.
 0.         0.0060241  0.         0.         0.         0.
 0.         0.         0.0060241  0.         0.         0.0060241 ]",0.4574247687645727,0.49530411330886503,0.05
1091197048,0.7659631153607329,4.138305210411999,"[0.02439024 0.02845528 0.0203252  0.02845528 0.01219512 0.05284553
 0.08536585 0.08130081 0.04065041 0.02439024 0.02439024 0.04878049
 0.02845528 0.01626016 0.00406504 0.         0.         0.
 0.03252033 0.10162602 0.08130081 0.1300813  0.09349593 0.04065041]","[0.17886179 0.22764228 0.11382114 0.06504065 0.08536585 0.14634146
 0.18292683]","[0.70731707 0.19105691 0.06910569 0.01626016 0.00813008 0.
 0.00406504 0.         0.00406504]",0.2762829063582905,0.3429668423222572,0.0
36162471,0.1387096356724963,0.5302899735453723,"[0.07070707 0.01010101 0.02020202 0.         0.01010101 0.02020202
 0.         0.         0.         0.         0.         0.03030303
 0.06060606 0.07070707 0.1010101  0.13131313 0.14141414 0.03030303
 0.01010101 0.07070707 0.05050505 0.09090909 0.04040404 0.04040404]","[0.22222222 0.1010101  0.04040404 0.04040404 0.16161616 0.07070707
 0.36363636]","[0.45454545 0.16161616 0.09090909 0.09090909 0.03030303 0.06060606
 0.03030303 0.         0.02020202 0.         0.         0.
 0.         0.01010101 0.         0.         0.         0.02020202
 0.         0.01010101 0.         0.         0.         0.
 0.         0.         0.01010101 0.         0.         0.
 0.         0.         0.         0.01010101]",0.6580949282615555,0.855429082035715,0.0
7678561,0.3531328059860521,1.7865837184808682,"[0.11353712 0.09606987 0.0349345  0.05676856 0.05676856 0.05240175
 0.07423581 0.03930131 0.00436681 0.         0.         0.
 0.         0.         0.         0.         0.00873362 0.05240175
 0.05676856 0.03930131 0.01310044 0.069869   0.09170306 0.13973799]","[0.11790393 0.13973799 0.10043668 0.12227074 0.13537118 0.18340611
 0.20087336]","[0.68995633 0.20087336 0.06550218 0.03056769 0.00436681 0.00436681
 0.         0.         0.00436681]",0.3405788161964593,0.37714488139100777,0.0
992184863,0.43016423703533435,2.4833722903949176,"[0.10958904 0.0456621  0.02739726 0.01826484 0.02283105 0.01826484
 0.02739726 0.04109589 0.02283105 0.02739726 0.01369863 0.
 0.00456621 0.         0.         0.         0.         0.
 0.00913242 0.09589041 0.16438356 0.17808219 0.0913242  0.08219178]","[0.19178082 0.1826484  0.18721461 0.15068493 0.17808219 0.05936073
 0.05022831]","[0.68949772 0.19634703 0.06849315 0.02283105 0.00456621 0.00913242
 0.00456621 0.         0.00456621]",0.38777943956855626,0.4382795673378073,0.0
60698745,0.4566939161356362,1.5167834293416669,"[0.02666667 0.05333333 0.09333333 0.05333333 0.06666667 0.05333333
 0.06666667 0.04       0.01333333 0.02666667 0.05333333 0.04
 0.08       0.02666667 0.01333333 0.         0.01333333 0.
 0.         0.         0.         0.         0.22666667 0.05333333]","[0.13333333 0.17333333 0.12       0.17333333 0.12       0.17333333
 0.10666667]","[0.41333333 0.08       0.09333333 0.08       0.05333333 0.05333333
 0.05333333 0.01333333 0.02666667 0.02666667 0.02666667 0.02666667
 0.01333333 0.         0.01333333 0.         0.         0.01333333
 0.         0.         0.         0.         0.         0.
 0.         0.         0.         0.         0.         0.
 0.         0.         0.         0.         0.         0.01333333]",0.5528706356029798,0.5107232058793495,0.0
6143220349,1.481855620492234,5.722016253212766,"[0.01680672 0.04201681 0.01680672 0.05882353 0.05042017 0.03361345
 0.07563025 0.14285714 0.13445378 0.16806723 0.10084034 0.04201681
 0.03361345 0.01680672 0.         0.         0.         0.
 0.         0.         0.         0.01680672 0.00840336 0.04201681]","[0.22689076 0.21008403 0.19327731 0.11764706 0.07563025 0.05882353
 0.11764706]","[0.52941176 0.1092437  0.1092437  0.1092437  0.02521008 0.03361345
 0.         0.03361345 0.         0.02521008 0.         0.
 0.         0.00840336 0.00840336 0.00840336]",0.5518239802190245,0.5676025742627372,0.0
7158812927,0.3598014083135958,3.173155056354231,"[0.08943089 0.06504065 0.05284553 0.04065041 0.0203252  0.00406504
 0.00406504 0.         0.         0.         0.00813008 0.05284553
 0.07317073 0.06504065 0.02845528 0.00406504 0.0203252  0.04065041
 0.08943089 0.09756098 0.03658537 0.06504065 0.05691057 0.08536585]","[0.18292683 0.17886179 0.14634146 0.13821138 0.11788618 0.05284553
 0.18292683]",[0.77235772 0.16260163 0.05284553 0.00813008 0.         0.00406504],0.28349186504338325,0.33538147891597053,0.0
5213718005,0.1499836192133048,0.7280523743505638,"[0.09836066 0.03278689 0.01639344 0.02459016 0.01639344 0.04918033
 0.06557377 0.04098361 0.05737705 0.02459016 0.         0.
 0.         0.         0.         0.         0.02459016 0.13934426
 0.10655738 0.04098361 0.00819672 0.07377049 0.05737705 0.12295082]","[0.18852459 0.1147541  0.1147541  0.13114754 0.08196721 0.16393443
 0.20491803]","[0.59016393 0.21311475 0.04918033 0.05737705 0.         0.01639344
 0.         0.01639344 0.00819672 0.         0.01639344 0.
 0.         0.00819672 0.00819672 0.         0.         0.
 0.         0.         0.         0.         0.         0.
 0.         0.         0.         0.         0.         0.
 0.01639344]",0.5222162640694854,0.5858082295905861,0.0
918047169,0.3964562737958493,1.3423114453675498,"[0.09433962 0.13207547 0.1509434  0.05660377 0.09433962 0.03144654
 0.01886792 0.00628931 0.01257862 0.         0.         0.
 0.         0.         0.         0.00628931 0.         0.06289308
 0.11320755 0.06289308 0.04402516 0.04402516 0.04402516 0.02515723]","[0.2327044  0.11949686 0.30188679 0.11320755 0.03144654 0.06289308
 0.13836478]","[0.52830189 0.27672956 0.08805031 0.03773585 0.01886792 0.00628931
 0.02515723 0.00628931 0.00628931 0.         0.         0.
 0.         0.00628931]",0.3625557054911479,0.39916875518757755,0.0
306285804,0.03768229933801768,0.022970519647238445,"[0.14285714 0.         0.14285714 0.         0.14285714 0.
 0.         0.14285714 0.         0.         0.         0.
 0.         0.         0.14285714 0.         0.         0.
 0.14285714 0.         0.         0.         0.         0.14285714]","[0.28571429 0.14285714 0.         0.         0.         0.42857143
 0.14285714]","[0.28571429 0.         0.14285714 0.         0.         0.
 0.         0.         0.         0.         0.         0.
 0.         0.         0.         0.         0.14285714 0.
 0.         0.         0.         0.         0.         0.
 0.         0.         0.         0.         0.         0.
 0.         0.         0.         0.         0.14285714 0.
 0.         0.         0.         0.         0.         0.
 0.         0.         0.         0.         0.         0.
 0.         0.         0.         0.         0.         0.
 0.         0.         0.         0.         0.         0.
 0.         0.         0.         0.         0.         0.
 0.         0.         0.         0.         0.         0.
 0.         0.         0.         0.         0.         0.
 0.         0.         0.         0.         0.         0.
 0.         0.         0.         0.         0.         0.
 0.         0.         0.         0.         0.         0.
 0.         0.         0.         0.         0.         0.
 0.         0.         0.         0.         0.14285714 0.
 0.         0.         0.         0.         0.         0.
 0.         0.         0.         0.         0.         0.
 0.         0.         0.         0.         0.         0.
 0.         0.         0.         0.         0.         0.
 0.         0.         0.         0.         0.         0.
 0.         0.         0.         0.         0.         0.
 0.         0.         0.         0.         0.         0.
 0.14285714]",2.246807293988449,2.3796996733872215,0.0
493725029,0.061813737478120315,0.1926877449072151,"[0.07042254 0.04225352 0.04225352 0.02816901 0.04225352 0.02816901
 0.08450704 0.08450704 0.05633803 0.08450704 0.16901408 0.07042254
 0.04225352 0.02816901 0.         0.         0.         0.
 0.         0.         0.         0.07042254 0.05633803 0.        ]","[0.23943662 0.12676056 0.04225352 0.11267606 0.09859155 0.14084507
 0.23943662]","[0.52112676 0.1971831  0.04225352 0.02816901 0.04225352 0.04225352
 0.02816901 0.04225352 0.         0.         0.         0.01408451
 0.         0.         0.         0.         0.         0.
 0.         0.         0.         0.         0.         0.
 0.         0.01408451 0.         0.         0.         0.
 0.         0.         0.         0.01408451 0.         0.
 0.         0.         0.         0.         0.         0.
 0.         0.         0.         0.         0.         0.
 0.         0.         0.         0.         0.         0.
 0.         0.         0.         0.         0.         0.
 0.         0.         0.         0.         0.         0.
 0.         0.         0.         0.         0.         0.
 0.         0.         0.         0.         0.         0.
 0.         0.         0.         0.         0.         0.
 0.01408451]",0.48634840365560805,0.7304900884933982,0.05
940028943,0.38728532708576696,1.9135444728855113,"[0.13821138 0.10569106 0.09756098 0.01626016 0.01626016 0.08130081
 0.02439024 0.03252033 0.05691057 0.00813008 0.02439024 0.02439024
 0.         0.00813008 0.         0.         0.         0.
 0.00813008 0.02439024 0.02439024 0.07317073 0.11382114 0.12195122]","[0.16260163 0.12195122 0.17886179 0.12195122 0.11382114 0.1300813
 0.17073171]","[0.52845528 0.20325203 0.09756098 0.04878049 0.03252033 0.02439024
 0.00813008 0.01626016 0.00813008 0.00813008 0.         0.00813008
 0.         0.         0.         0.00813008 0.         0.
 0.         0.00813008]",0.5732140881212675,0.6166808656121467,0.0
1843524645,0.4501478624705195,1.3597136197204254,"[0.07792208 0.03896104 0.01298701 0.02597403 0.07792208 0.06493506
 0.12987013 0.1038961  0.02597403 0.09090909 0.12987013 0.03896104
 0.02597403 0.         0.         0.         0.         0.
 0.         0.03896104 0.         0.03896104 0.         0.07792208]","[0.16883117 0.06493506 0.14285714 0.09090909 0.11688312 0.20779221
 0.20779221]","[0.49350649 0.16883117 0.07792208 0.03896104 0.07792208 0.02597403
 0.02597403 0.02597403 0.         0.         0.         0.
 0.         0.         0.         0.         0.02597403 0.
 0.         0.         0.         0.01298701 0.         0.
 0.         0.         0.         0.         0.         0.
 0.         0.         0.         0.         0.         0.
 0.         0.01298701 0.         0.01298701]",1.0295589470302657,1.38568792156874,0.0
323949554,0.24591407588787337,1.6095676613202998,"[0.05583756 0.01015228 0.01522843 0.         0.00507614 0.01015228
 0.01015228 0.02030457 0.06091371 0.08629442 0.0964467  0.06598985
 0.11675127 0.02030457 0.05583756 0.08629442 0.07106599 0.05076142
 0.03045685 0.04568528 0.03045685 0.00507614 0.02030457 0.03045685]","[0.20812183 0.11167513 0.18781726 0.06598985 0.06598985 0.18274112
 0.17766497]","[0.70050761 0.17258883 0.06598985 0.04060914 0.01522843 0.
 0.         0.         0.00507614]",0.4391576143377658,0.5007856661122411,0.0
5243504410,0.10731417799818112,0.5769365053139591,"[0.08333333 0.03333333 0.04166667 0.04166667 0.025      0.025
 0.03333333 0.00833333 0.         0.01666667 0.05       0.10833333
 0.06666667 0.05       0.         0.         0.         0.
 0.         0.         0.         0.08333333 0.15833333 0.175     ]","[0.15833333 0.15833333 0.11666667 0.025      0.00833333 0.225
 0.30833333]","[0.525      0.15       0.15       0.06666667 0.03333333 0.025
 0.         0.         0.00833333 0.         0.01666667 0.00833333
 0.00833333 0.         0.         0.         0.         0.
 0.00833333]",0.3454874552467397,0.422436795392283,0.0
1804940128,0.0736544884994142,0.33547997940652463,"[0.01785714 0.125      0.01785714 0.01785714 0.03571429 0.125
 0.05357143 0.08928571 0.03571429 0.07142857 0.07142857 0.08928571
 0.07142857 0.125      0.         0.         0.         0.
 0.03571429 0.         0.         0.         0.         0.01785714]","[0.375      0.10714286 0.17857143 0.16071429 0.08928571 0.03571429
 0.05357143]","[0.35714286 0.16071429 0.10714286 0.05357143 0.01785714 0.01785714
 0.05357143 0.01785714 0.01785714 0.01785714 0.01785714 0.03571429
 0.03571429 0.03571429 0.         0.         0.         0.01785714
 0.         0.         0.         0.01785714 0.         0.
 0.         0.         0.         0.         0.         0.
 0.         0.         0.         0.         0.         0.
 0.         0.         0.         0.01785714]",0.39825186093401643,0.4753856018549231,0.0
113270516,0.07561991314296784,0.2582654087019506,"[0.13953488 0.02325581 0.09302326 0.1627907  0.         0.
 0.         0.09302326 0.06976744 0.02325581 0.09302326 0.11627907
 0.06976744 0.         0.02325581 0.         0.         0.
 0.         0.         0.         0.         0.02325581 0.06976744]","[0.3255814  0.09302326 0.06976744 0.23255814 0.06976744 0.
 0.20930233]","[0.30232558 0.13953488 0.09302326 0.04651163 0.04651163 0.06976744
 0.02325581 0.06976744 0.         0.02325581 0.02325581 0.
 0.02325581 0.02325581 0.         0.02325581 0.         0.
 0.         0.         0.         0.         0.         0.
 0.         0.02325581 0.         0.         0.         0.02325581
 0.         0.         0.         0.02325581 0.02325581]",0.9513331488950896,1.0463806772175583,0.0
78947024,0.8351963555068187,4.382625830286363,"[0.12093023 0.13488372 0.0744186  0.0372093  0.04651163 0.03255814
 0.03255814 0.03255814 0.00465116 0.09767442 0.14883721 0.11162791
 0.02790698 0.00930233 0.         0.01395349 0.         0.
 0.         0.         0.00465116 0.01860465 0.00465116 0.04651163]","[0.28372093 0.15813953 0.1627907  0.17209302 0.13953488 0.00930233
 0.0744186 ]",[0.7627907  0.14883721 0.06511628 0.01860465 0.         0.00465116],0.2780460149790507,0.2568682892296827,0.1
971944110,0.42927471878529816,2.1365727343220557,"[0.08943089 0.01626016 0.00406504 0.01626016 0.00406504 0.
 0.         0.         0.         0.         0.         0.00406504
 0.17886179 0.14634146 0.06910569 0.01219512 0.01219512 0.02439024
 0.00406504 0.         0.01626016 0.05284553 0.2195122  0.1300813 ]","[0.11788618 0.17886179 0.15447154 0.09756098 0.19918699 0.08943089
 0.16260163]",[0.85772358 0.12195122 0.01219512 0.00813008],0.48539456305907797,0.5289095468651223,0.0
5509359,0.07088679379031698,0.520965377715646,"[0.02604167 0.06770833 0.09895833 0.05729167 0.046875   0.00520833
 0.01041667 0.         0.         0.         0.         0.00520833
 0.01041667 0.06770833 0.125      0.06770833 0.078125   0.05208333
 0.015625   0.05208333 0.10416667 0.03645833 0.04166667 0.03125   ]","[0.15625    0.10416667 0.078125   0.11979167 0.21875    0.17708333
 0.14583333]","[0.72916667 0.171875   0.04166667 0.03125    0.02083333 0.
 0.         0.00520833]",0.28459006434537876,0.29223215865603697,0.0
5466357,0.8258681769975044,2.8529456917787663,"[0.04265403 0.03791469 0.01421801 0.00473934 0.         0.
 0.         0.         0.02843602 0.11374408 0.09952607 0.12322275
 0.04265403 0.01421801 0.05687204 0.02843602 0.00947867 0.04739336
 0.02369668 0.02369668 0.05687204 0.09478673 0.10900474 0.02843602]","[0.10900474 0.1042654  0.07109005 0.02369668 0.07582938 0.10900474
 0.507109  ]",[0.78199052 0.16113744 0.04739336 0.00473934 0.00473934],0.3116379752001409,0.515656983689065,0.0
1650892973,0.28697672299914373,1.5714331647971982,"[0.11363636 0.03977273 0.02840909 0.0625     0.01136364 0.02840909
 0.02272727 0.04545455 0.07954545 0.13068182 0.10795455 0.02840909
 0.03977273 0.04545455 0.03977273 0.05113636 0.04545455 0.00568182
 0.         0.         0.         0.         0.         0.07386364]","[0.3125     0.20454545 0.17045455 0.04545455 0.05113636 0.09090909
 0.125     ]",[0.66477273 0.22159091 0.07954545 0.00568182 0.02272727 0.00568182],0.36401853800781814,0.36831755236670427,0.05
1116199691,0.08651925499493038,0.5656584272700834,"[0.15037594 0.08270677 0.03007519 0.11278195 0.08270677 0.02255639
 0.01503759 0.0075188  0.0075188  0.08270677 0.06015038 0.
 0.01503759 0.         0.         0.         0.         0.
 0.         0.         0.06015038 0.06766917 0.08270677 0.12030075]","[0.32330827 0.12781955 0.15789474 0.14285714 0.12030075 0.
 0.12781955]","[0.60150376 0.20300752 0.08270677 0.02255639 0.02255639 0.01503759
 0.01503759 0.01503759 0.0075188  0.01503759]",0.25483011972461517,0.43262550275511236,0.0
24073122,0.23118423659096476,0.3988889577282324,"[0.25   0.1875 0.     0.0625 0.     0.     0.     0.     0.     0.
 0.     0.     0.     0.1875 0.0625 0.0625 0.     0.0625 0.0625 0.0625
 0.     0.     0.     0.    ]",[0.5    0.125  0.1875 0.     0.     0.     0.1875],"[0.125  0.0625 0.0625 0.0625 0.     0.125  0.0625 0.0625 0.     0.
 0.     0.0625 0.0625 0.     0.0625 0.0625 0.     0.     0.     0.
 0.     0.     0.     0.     0.0625 0.     0.     0.     0.     0.
 0.     0.     0.     0.     0.     0.0625 0.     0.     0.     0.
 0.     0.     0.     0.     0.     0.     0.     0.     0.     0.
 0.     0.     0.     0.     0.     0.     0.     0.     0.     0.
 0.     0.     0.     0.     0.     0.     0.     0.     0.     0.
 0.     0.     0.     0.     0.     0.     0.     0.     0.     0.
 0.     0.     0.     0.     0.     0.     0.     0.     0.     0.
 0.     0.     0.     0.     0.     0.     0.     0.     0.     0.
 0.     0.     0.     0.     0.     0.     0.     0.     0.0625]",1.268045460125408,1.2554438712282117,0.0
796822496,0.31775912414030594,1.3116063513611518,"[0.01298701 0.05194805 0.02597403 0.04545455 0.05844156 0.09090909
 0.04545455 0.         0.01948052 0.02597403 0.         0.
 0.         0.         0.         0.         0.         0.
 0.         0.04545455 0.25324675 0.26623377 0.05194805 0.00649351]","[0.22077922 0.15584416 0.22077922 0.20779221 0.07792208 0.
 0.11688312]","[0.66233766 0.15584416 0.0974026  0.03246753 0.01948052 0.01298701
 0.01298701 0.00649351]",0.47142030063900525,0.4319909462706761,0.0
421111386,0.3296336958889149,1.9285369821006664,"[0.04054054 0.03378378 0.16216216 0.06081081 0.05405405 0.
 0.01351351 0.         0.         0.         0.         0.
 0.         0.         0.07432432 0.06081081 0.06081081 0.13513514
 0.09459459 0.15540541 0.00675676 0.00675676 0.03378378 0.00675676]","[0.10135135 0.16216216 0.18243243 0.10810811 0.10135135 0.12837838
 0.21621622]",[0.64189189 0.2027027  0.0472973  0.0472973  0.0472973  0.01351351],0.5229270498645445,0.6945998219259933,0.0
151295941,0.06373246348829069,0.04782007025772339,"[0.18181818 0.         0.09090909 0.09090909 0.09090909 0.
 0.09090909 0.         0.         0.         0.         0.
 0.         0.         0.         0.         0.18181818 0.18181818
 0.         0.         0.         0.         0.         0.09090909]","[0.36363636 0.         0.         0.         0.09090909 0.45454545
 0.09090909]","[0.09090909 0.18181818 0.18181818 0.09090909 0.         0.
 0.09090909 0.         0.         0.         0.         0.
 0.         0.09090909 0.         0.         0.         0.
 0.         0.09090909 0.         0.         0.         0.
 0.09090909 0.         0.         0.         0.         0.
 0.         0.         0.         0.         0.         0.
 0.         0.         0.         0.         0.         0.
 0.         0.         0.         0.         0.         0.
 0.         0.         0.         0.         0.         0.
 0.         0.         0.         0.         0.         0.
 0.         0.         0.         0.         0.         0.
 0.         0.         0.         0.         0.         0.
 0.         0.         0.         0.         0.         0.
 0.         0.         0.         0.         0.         0.
 0.         0.         0.         0.         0.         0.
 0.         0.         0.         0.         0.         0.
 0.         0.         0.         0.         0.         0.
 0.         0.         0.         0.         0.         0.
 0.         0.         0.         0.         0.         0.
 0.         0.         0.         0.         0.         0.
 0.         0.         0.         0.         0.         0.
 0.         0.         0.         0.         0.         0.
 0.         0.         0.         0.         0.         0.
 0.         0.         0.         0.         0.         0.
 0.         0.         0.         0.         0.         0.
 0.         0.         0.         0.         0.         0.
 0.         0.         0.         0.         0.         0.
 0.         0.         0.         0.         0.09090909]",2.037567157483838,2.117618466021143,0.05
757220821,0.10732045633990822,0.5651429503569657,"[0.0952381  0.08571429 0.04761905 0.00952381 0.00952381 0.
 0.         0.         0.         0.         0.04761905 0.05714286
 0.02857143 0.06666667 0.07619048 0.06666667 0.07619048 0.04761905
 0.08571429 0.04761905 0.04761905 0.03809524 0.01904762 0.04761905]","[0.15238095 0.14285714 0.13333333 0.16190476 0.02857143 0.12380952
 0.25714286]","[0.60952381 0.16190476 0.1047619  0.02857143 0.02857143 0.00952381
 0.00952381 0.         0.00952381 0.         0.01904762 0.
 0.         0.         0.         0.         0.00952381 0.
 0.         0.         0.         0.00952381]",0.36875291920015835,0.4134445863701516,0.05
1112893379,0.04900568797552192,0.24115452467699366,"[0.05454545 0.10909091 0.         0.01818182 0.05454545 0.05454545
 0.07272727 0.09090909 0.14545455 0.03636364 0.12727273 0.07272727
 0.10909091 0.         0.         0.         0.         0.
 0.         0.         0.         0.         0.01818182 0.03636364]","[0.05454545 0.27272727 0.25454545 0.12727273 0.09090909 0.05454545
 0.14545455]","[0.4        0.16363636 0.09090909 0.03636364 0.10909091 0.05454545
 0.03636364 0.01818182 0.03636364 0.         0.         0.
 0.01818182 0.01818182 0.         0.         0.         0.
 0.         0.         0.         0.         0.         0.
 0.         0.         0.         0.         0.         0.
 0.         0.         0.         0.         0.         0.
 0.         0.         0.         0.         0.         0.
 0.         0.         0.         0.         0.         0.
 0.         0.         0.         0.         0.         0.
 0.         0.01818182]",0.29483070024206504,0.5079814839583396,0.0
141573406,0.08510902623870509,0.5923068319343157,"[0.17692308 0.10769231 0.05384615 0.01538462 0.03076923 0.00769231
 0.03846154 0.06923077 0.10769231 0.13076923 0.03076923 0.01538462
 0.03076923 0.03076923 0.         0.         0.         0.
 0.         0.         0.         0.         0.00769231 0.14615385]","[0.23846154 0.13846154 0.19230769 0.14615385 0.11538462 0.05384615
 0.11538462]","[0.63076923 0.18461538 0.06153846 0.06923077 0.01538462 0.02307692
 0.01538462]",0.5148421531588214,0.5293937649455677,0.0
208898676,0.061350437171023384,0.3948743644361115,"[0.07936508 0.02380952 0.00793651 0.         0.         0.
 0.         0.         0.         0.02380952 0.03968254 0.03174603
 0.04761905 0.07142857 0.03174603 0.17460317 0.05555556 0.11111111
 0.04761905 0.03968254 0.05555556 0.05555556 0.03968254 0.06349206]","[0.21428571 0.13492063 0.12698413 0.12698413 0.1031746  0.07142857
 0.22222222]","[0.67460317 0.13492063 0.06349206 0.05555556 0.01587302 0.03174603
 0.         0.01587302 0.00793651]",0.29164844376986215,0.26434885858816276,0.0
916455559,0.6008263162887105,2.136403675735276,"[0.06666667 0.02222222 0.02222222 0.04444444 0.1        0.03333333
 0.06666667 0.06666667 0.15555556 0.04444444 0.02222222 0.
 0.         0.         0.         0.         0.         0.05555556
 0.07777778 0.01111111 0.07777778 0.06666667 0.04444444 0.02222222]","[0.16666667 0.22222222 0.2        0.03333333 0.08888889 0.1
 0.18888889]","[0.57777778 0.14444444 0.08888889 0.08888889 0.03333333 0.01111111
 0.01111111 0.         0.         0.         0.         0.01111111
 0.         0.         0.01111111 0.01111111 0.         0.
 0.         0.         0.         0.         0.         0.01111111]",0.6233191564762866,0.7650974886877941,0.0
703436397,1.8166853902208806,8.198894558339049,"[0.09090909 0.08391608 0.16083916 0.02797203 0.00699301 0.
 0.         0.         0.         0.         0.         0.07692308
 0.11888112 0.01398601 0.00699301 0.02797203 0.02097902 0.00699301
 0.03496503 0.06293706 0.02097902 0.06293706 0.03496503 0.13986014]","[0.26573427 0.16083916 0.18881119 0.23076923 0.02097902 0.04895105
 0.08391608]","[0.70629371 0.14685315 0.07692308 0.03496503 0.00699301 0.02097902
 0.         0.00699301]",0.5063449588259221,0.8814143371942873,0.0
5657126860,1.025514682105798,6.424404436156521,"[0.13812155 0.05524862 0.06077348 0.01657459 0.06629834 0.11049724
 0.09944751 0.06629834 0.03867403 0.04972376 0.04972376 0.02209945
 0.03314917 0.01657459 0.01104972 0.05524862 0.01104972 0.
 0.         0.         0.         0.         0.         0.09944751]","[0.17127072 0.1878453  0.19337017 0.16574586 0.08839779 0.03867403
 0.15469613]",[0.81767956 0.16574586 0.01104972 0.00552486],0.2747362753556834,0.3331328408129128,0.0
4122598,0.09273621151748739,0.5805153033163669,"[0.09090909 0.0661157  0.08264463 0.04958678 0.03305785 0.01652893
 0.07438017 0.05785124 0.04958678 0.07438017 0.09917355 0.03305785
 0.00826446 0.         0.         0.         0.         0.
 0.         0.         0.03305785 0.05785124 0.10743802 0.0661157 ]","[0.10743802 0.0661157  0.14876033 0.1322314  0.20661157 0.12396694
 0.21487603]","[0.61157025 0.21487603 0.0661157  0.05785124 0.02479339 0.00826446
 0.         0.01652893]",0.336705827171342,0.3278224498862896,0.0
92800970,0.14900110935590263,1.0046696132570174,"[0.09027778 0.09722222 0.04861111 0.04166667 0.0625     0.00694444
 0.11805556 0.09722222 0.04861111 0.04166667 0.02083333 0.00694444
 0.00694444 0.         0.         0.         0.         0.
 0.00694444 0.04166667 0.06944444 0.04166667 0.08333333 0.06944444]","[0.14583333 0.11805556 0.15972222 0.0625     0.16666667 0.21527778
 0.13194444]","[0.73611111 0.14583333 0.09027778 0.01388889 0.         0.
 0.00694444 0.00694444]",0.3992956921990803,0.4637757356275812,0.0
1682470043,0.17115258881375897,0.8353258619508004,"[0.06666667 0.01111111 0.03333333 0.11111111 0.04444444 0.04444444
 0.01111111 0.02222222 0.         0.04444444 0.03333333 0.
 0.01111111 0.         0.         0.         0.         0.
 0.         0.16666667 0.26666667 0.06666667 0.05555556 0.01111111]","[0.12222222 0.17777778 0.16666667 0.12222222 0.06666667 0.05555556
 0.28888889]","[0.56666667 0.23333333 0.06666667 0.         0.02222222 0.03333333
 0.04444444 0.         0.01111111 0.01111111 0.         0.
 0.01111111]",0.6888824447192727,0.8804203182860463,0.0
6111348138,1.4942122334783416,11.32582915870289,"[0.0212766  0.0141844  0.07092199 0.14184397 0.03546099 0.14893617
 0.12765957 0.07092199 0.08510638 0.06382979 0.04255319 0.0212766
 0.04964539 0.0070922  0.0141844  0.03546099 0.02836879 0.
 0.0212766  0.         0.         0.         0.         0.        ]","[0.27659574 0.12056738 0.17730496 0.18439716 0.18439716 0.03546099
 0.0212766 ]",[0.73049645 0.19148936 0.04964539 0.0212766  0.0070922 ],0.2369316634063075,0.3077604468669413,0.05
141454604,0.040496450829922884,0.12029238661038691,"[0.02777778 0.         0.05555556 0.         0.         0.
 0.         0.         0.         0.11111111 0.25       0.25
 0.05555556 0.         0.         0.02777778 0.         0.
 0.         0.05555556 0.05555556 0.         0.05555556 0.05555556]","[0.16666667 0.16666667 0.16666667 0.05555556 0.02777778 0.02777778
 0.38888889]","[0.22222222 0.27777778 0.13888889 0.02777778 0.         0.02777778
 0.02777778 0.05555556 0.         0.05555556 0.02777778 0.02777778
 0.         0.         0.         0.         0.02777778 0.02777778
 0.02777778 0.         0.         0.02777778]",0.47709969243006345,0.5648195739522588,0.0
91366438,0.3795758969305447,1.9960621165852148,"[0.10434783 0.0173913  0.         0.00869565 0.02608696 0.02608696
 0.05217391 0.0173913  0.03478261 0.09565217 0.06956522 0.04347826
 0.03478261 0.0173913  0.0173913  0.         0.         0.
 0.         0.         0.00869565 0.00869565 0.07826087 0.33913043]","[0.1826087  0.13913043 0.1826087  0.16521739 0.08695652 0.08695652
 0.15652174]","[0.67826087 0.15652174 0.06086957 0.05217391 0.02608696 0.0173913
 0.00869565]",0.4459020891589102,0.46976280520110003,0.0
5165867618,0.3248933465697335,1.6326034966592884,"[0.04477612 0.00746269 0.         0.00746269 0.         0.
 0.         0.         0.         0.01492537 0.05970149 0.13432836
 0.09701493 0.07462687 0.07462687 0.07462687 0.05223881 0.01492537
 0.03731343 0.08208955 0.02238806 0.06716418 0.08208955 0.05223881]","[0.14179104 0.13432836 0.14925373 0.13432836 0.14925373 0.17164179
 0.11940299]",[0.70895522 0.19402985 0.06716418 0.00746269 0.02238806],0.4456649067660101,0.5234758698498085,0.0
978893033,0.04789909257830147,0.08117280788879434,"[0.07407407 0.         0.03703704 0.07407407 0.03703704 0.2962963
 0.11111111 0.03703704 0.03703704 0.03703704 0.         0.
 0.03703704 0.         0.         0.         0.         0.
 0.03703704 0.         0.03703704 0.07407407 0.         0.07407407]","[0.18518519 0.14814815 0.25925926 0.03703704 0.         0.07407407
 0.2962963 ]","[0.07407407 0.25925926 0.22222222 0.03703704 0.03703704 0.
 0.11111111 0.07407407 0.         0.         0.03703704 0.
 0.11111111 0.         0.         0.         0.         0.
 0.         0.         0.         0.         0.         0.
 0.         0.         0.         0.         0.         0.
 0.         0.         0.         0.         0.         0.
 0.         0.         0.         0.         0.         0.
 0.         0.         0.         0.         0.         0.
 0.         0.         0.         0.         0.         0.
 0.         0.         0.         0.         0.         0.
 0.         0.         0.03703704]",0.9030872940172907,0.9995536910361127,0.0
35495600,0.06876173303442842,0.26044666516950027,"[0.04347826 0.02173913 0.         0.         0.         0.04347826
 0.         0.10869565 0.19565217 0.26086957 0.08695652 0.
 0.         0.         0.         0.         0.         0.
 0.         0.         0.         0.         0.08695652 0.15217391]","[0.2826087  0.19565217 0.26086957 0.08695652 0.08695652 0.
 0.08695652]","[0.34782609 0.15217391 0.06521739 0.10869565 0.02173913 0.04347826
 0.08695652 0.04347826 0.         0.06521739 0.         0.02173913
 0.02173913 0.         0.02173913]",0.5536552157056146,0.5489577313104469,0.05
1379446926,0.09628674246771092,0.5784758767525007,"[0.19178082 0.17808219 0.06849315 0.04109589 0.01369863 0.04109589
 0.         0.         0.1369863  0.05479452 0.05479452 0.04109589
 0.02739726 0.04109589 0.         0.02739726 0.         0.
 0.         0.         0.         0.         0.         0.08219178]","[0.24657534 0.09589041 0.04109589 0.10958904 0.17808219 0.17808219
 0.15068493]","[0.57534247 0.1369863  0.15068493 0.05479452 0.01369863 0.01369863
 0.01369863 0.         0.         0.         0.         0.
 0.01369863 0.         0.         0.         0.         0.
 0.         0.         0.01369863 0.         0.         0.
 0.         0.         0.01369863]",0.3722227511007922,0.3700636222353134,0.0
592206,0.28638641710136087,1.7068431667508919,"[0.06508876 0.04733728 0.12426036 0.07100592 0.08284024 0.07100592
 0.12426036 0.07692308 0.07100592 0.02366864 0.01775148 0.00591716
 0.00591716 0.         0.         0.         0.         0.00591716
 0.01183432 0.01183432 0.0295858  0.05325444 0.05325444 0.04733728]","[0.12426036 0.12426036 0.17159763 0.20118343 0.11242604 0.1183432
 0.14792899]",[0.88757396 0.10059172 0.01183432],0.2682393937001288,0.31950273595023,0.05
484205774,0.04149234120535233,0.21304762924925716,"[0.05633803 0.05633803 0.12676056 0.07042254 0.08450704 0.05633803
 0.01408451 0.05633803 0.14084507 0.04225352 0.01408451 0.02816901
 0.02816901 0.01408451 0.         0.         0.         0.
 0.         0.07042254 0.01408451 0.07042254 0.04225352 0.01408451]","[0.1971831  0.14084507 0.07042254 0.22535211 0.         0.07042254
 0.29577465]","[0.45070423 0.23943662 0.12676056 0.05633803 0.04225352 0.04225352
 0.         0.01408451 0.01408451 0.         0.         0.
 0.         0.         0.         0.         0.         0.
 0.         0.         0.         0.         0.         0.
 0.         0.         0.         0.         0.         0.
 0.01408451]",0.2819293829902001,0.4676937236661785,0.05
6947363606,0.1789399862595571,0.39165256790813885,"[0.06666667 0.06666667 0.13333333 0.06666667 0.06666667 0.06666667
 0.         0.06666667 0.         0.         0.         0.
 0.         0.         0.         0.         0.         0.
 0.13333333 0.2        0.         0.13333333 0.         0.        ]","[0.13333333 0.13333333 0.13333333 0.06666667 0.         0.4
 0.13333333]","[0.4        0.2        0.         0.13333333 0.06666667 0.
 0.13333333 0.         0.         0.         0.         0.
 0.         0.         0.         0.         0.         0.
 0.         0.         0.         0.         0.         0.
 0.         0.         0.         0.         0.         0.
 0.         0.         0.         0.         0.         0.
 0.         0.         0.         0.         0.         0.
 0.         0.         0.         0.         0.         0.
 0.         0.         0.         0.         0.         0.
 0.         0.         0.         0.         0.         0.
 0.         0.         0.         0.         0.         0.
 0.         0.         0.         0.         0.         0.
 0.         0.         0.         0.         0.         0.
 0.         0.         0.         0.         0.         0.
 0.         0.         0.         0.         0.         0.
 0.         0.         0.         0.         0.         0.
 0.         0.         0.         0.         0.         0.
 0.         0.         0.         0.         0.         0.
 0.         0.         0.         0.         0.         0.
 0.         0.         0.         0.         0.         0.
 0.         0.         0.         0.         0.         0.
 0.         0.         0.         0.         0.         0.
 0.         0.         0.         0.         0.         0.
 0.         0.         0.         0.         0.         0.
 0.         0.         0.         0.         0.         0.06666667]",0.8793106018537402,1.0925233769483003,0.1
986988896,0.027192349500785654,0.06619145959629606,"[0.08695652 0.         0.04347826 0.04347826 0.04347826 0.
 0.         0.         0.04347826 0.         0.04347826 0.
 0.         0.04347826 0.         0.08695652 0.04347826 0.04347826
 0.04347826 0.17391304 0.04347826 0.08695652 0.04347826 0.08695652]","[0.2173913  0.08695652 0.04347826 0.04347826 0.13043478 0.17391304
 0.30434783]","[0.17391304 0.08695652 0.17391304 0.13043478 0.04347826 0.13043478
 0.         0.04347826 0.         0.         0.08695652 0.04347826
 0.         0.         0.         0.         0.         0.
 0.         0.         0.         0.         0.         0.
 0.         0.         0.         0.         0.         0.
 0.         0.         0.         0.         0.04347826 0.
 0.         0.         0.         0.         0.         0.
 0.         0.         0.         0.         0.         0.04347826]",0.7497260314928458,0.631896608924752,0.05
675391573,0.9853205484951086,3.843144778710873,"[0.12048193 0.09638554 0.09638554 0.02409639 0.10843373 0.02409639
 0.         0.02409639 0.08433735 0.02409639 0.07228916 0.18072289
 0.01204819 0.01204819 0.         0.01204819 0.         0.
 0.         0.         0.         0.03614458 0.01204819 0.06024096]","[0.19277108 0.1686747  0.15662651 0.21686747 0.14457831 0.06024096
 0.06024096]","[0.6746988  0.09638554 0.10843373 0.04819277 0.01204819 0.
 0.         0.02409639 0.         0.01204819 0.01204819 0.
 0.         0.         0.         0.01204819]",0.7121767561943767,0.9336136843660642,0.0
654080713,0.07067217663113541,0.015431395728281951,"[0.5 0.  0.  0.  0.  0.  0.5 0.  0.  0.  0.  0.  0.  0.  0.  0.  0.  0.
 0.  0.  0.  0.  0.  0. ]",[1. 0. 0. 0. 0. 0. 0.],"[0.  0.  0.  0.  0.  0.  0.  0.  0.  0.  0.  0.  0.  0.  0.  0.  0.  0.
 0.  0.  0.  0.  0.  0.  0.  0.5 0.  0.  0.  0.  0.  0.  0.  0.  0.  0.
 0.  0.  0.  0.  0.  0.  0.  0.  0.  0.  0.  0.  0.  0.  0.  0.  0.  0.
 0.  0.  0.  0.  0.  0.  0.  0.  0.  0.  0.  0.  0.  0.  0.  0.  0.  0.
 0.  0.  0.  0.  0.  0.  0.  0.  0.  0.  0.  0.  0.  0.  0.  0.  0.  0.
 0.  0.  0.  0.  0.  0.  0.  0.  0.  0.  0.  0.  0.  0.  0.  0.  0.  0.
 0.  0.  0.  0.  0.  0.  0.  0.  0.  0.  0.  0.  0.  0.  0.  0.  0.  0.
 0.  0.  0.  0.  0.  0.  0.  0.  0.  0.  0.  0.  0.  0.  0.  0.  0.  0.
 0.  0.  0.  0.5]",0.690000789488981,0.5620578047150121,0.05555555555555555
369285734,0.10502585251754296,0.5762169789167773,"[0.03614458 0.07228916 0.04819277 0.06024096 0.02409639 0.10843373
 0.08433735 0.06024096 0.12048193 0.07228916 0.07228916 0.06024096
 0.         0.02409639 0.01204819 0.         0.01204819 0.01204819
 0.         0.         0.         0.01204819 0.04819277 0.06024096]","[0.19277108 0.21686747 0.09638554 0.14457831 0.1686747  0.08433735
 0.09638554]","[0.60240964 0.24096386 0.03614458 0.04819277 0.02409639 0.01204819
 0.01204819 0.01204819 0.         0.         0.         0.
 0.         0.         0.         0.         0.         0.
 0.         0.         0.         0.         0.         0.
 0.         0.         0.         0.01204819]",0.2608996211213177,0.371365523022951,0.85
998294634,0.11036730143586902,0.31761002656202914,"[0.13793103 0.06896552 0.06896552 0.03448276 0.17241379 0.
 0.         0.06896552 0.         0.         0.03448276 0.
 0.         0.         0.         0.         0.         0.
 0.         0.         0.17241379 0.17241379 0.         0.06896552]","[0.24137931 0.24137931 0.10344828 0.03448276 0.17241379 0.
 0.20689655]","[0.34482759 0.10344828 0.03448276 0.03448276 0.         0.03448276
 0.10344828 0.         0.10344828 0.03448276 0.03448276 0.13793103
 0.         0.         0.         0.         0.         0.
 0.         0.         0.         0.         0.         0.
 0.         0.03448276]",1.8165918836971315,1.5659511336773106,0.0
961777013,0.09594734810884317,0.5656278912540157,"[0.01449275 0.05797101 0.         0.         0.02898551 0.01449275
 0.08695652 0.08695652 0.10144928 0.10144928 0.05797101 0.
 0.01449275 0.         0.         0.         0.         0.
 0.         0.         0.05797101 0.14492754 0.1884058  0.04347826]","[0.14492754 0.15942029 0.26086957 0.08695652 0.13043478 0.08695652
 0.13043478]","[0.56521739 0.17391304 0.10144928 0.05797101 0.02898551 0.
 0.         0.01449275 0.01449275 0.         0.01449275 0.
 0.         0.         0.         0.01449275 0.01449275]",0.40020884458909506,0.42644300645233496,0.0
404876228,0.24181349373031225,1.4153161393137725,"[0.09782609 0.09782609 0.05434783 0.05434783 0.06521739 0.01086957
 0.         0.         0.         0.         0.         0.01086957
 0.07608696 0.09782609 0.07608696 0.06521739 0.0326087  0.
 0.         0.05434783 0.         0.02173913 0.0326087  0.15217391]","[0.11956522 0.15217391 0.11956522 0.11956522 0.18478261 0.17391304
 0.13043478]","[0.61956522 0.19565217 0.09782609 0.0326087  0.02173913 0.01086957
 0.         0.         0.01086957 0.01086957]",0.4710908657120965,0.37244762478082,0.1
957719916,0.07255875740074108,0.26518740819010056,"[0.06060606 0.         0.         0.06060606 0.06060606 0.15151515
 0.09090909 0.03030303 0.06060606 0.03030303 0.15151515 0.06060606
 0.         0.         0.         0.         0.         0.
 0.         0.         0.         0.12121212 0.09090909 0.03030303]","[0.36363636 0.09090909 0.24242424 0.         0.         0.06060606
 0.24242424]","[0.33333333 0.21212121 0.15151515 0.06060606 0.03030303 0.03030303
 0.         0.03030303 0.03030303 0.         0.03030303 0.03030303
 0.         0.         0.         0.         0.         0.
 0.         0.         0.         0.         0.         0.
 0.         0.         0.         0.03030303 0.         0.
 0.         0.         0.         0.         0.         0.
 0.         0.03030303]",0.8563792283534695,0.6665945502339742,0.0
667601456,0.06752653581837198,0.06840938287621977,"[0.16666667 0.         0.         0.         0.         0.
 0.08333333 0.16666667 0.         0.16666667 0.         0.
 0.         0.         0.         0.         0.         0.
 0.         0.         0.         0.08333333 0.25       0.08333333]","[0.66666667 0.16666667 0.16666667 0.         0.         0.
 0.        ]","[0.16666667 0.08333333 0.16666667 0.08333333 0.         0.08333333
 0.         0.         0.         0.16666667 0.         0.
 0.         0.         0.         0.         0.         0.08333333
 0.         0.08333333 0.         0.         0.         0.
 0.         0.         0.         0.         0.         0.
 0.         0.         0.         0.         0.         0.
 0.         0.         0.         0.         0.         0.
 0.         0.         0.         0.         0.         0.
 0.         0.         0.         0.         0.         0.
 0.         0.         0.         0.         0.         0.
 0.         0.         0.         0.         0.         0.
 0.         0.         0.         0.         0.         0.
 0.         0.         0.         0.         0.         0.
 0.         0.         0.         0.         0.         0.
 0.         0.08333333]",1.5783799350622367,1.722606501421875,0.0
833969034,0.10441879538316959,0.729731213945864,"[0.14285714 0.04761905 0.00952381 0.01904762 0.03809524 0.05714286
 0.00952381 0.22857143 0.03809524 0.05714286 0.03809524 0.00952381
 0.         0.         0.00952381 0.         0.         0.
 0.         0.         0.00952381 0.         0.06666667 0.21904762]","[0.17142857 0.15238095 0.22857143 0.16190476 0.16190476 0.01904762
 0.1047619 ]","[0.72380952 0.15238095 0.05714286 0.03809524 0.00952381 0.
 0.00952381 0.         0.00952381]",0.3463703070930786,0.3700532740601683,0.05
1680676484,0.08839827009496393,0.3913906845686128,"[0.1509434  0.03773585 0.01886792 0.         0.         0.
 0.         0.         0.         0.         0.0754717  0.1509434
 0.01886792 0.         0.01886792 0.         0.         0.01886792
 0.0754717  0.         0.         0.03773585 0.20754717 0.18867925]","[0.20754717 0.13207547 0.09433962 0.1509434  0.         0.33962264
 0.0754717 ]","[0.50943396 0.22641509 0.09433962 0.03773585 0.01886792 0.
 0.01886792 0.         0.01886792 0.         0.         0.01886792
 0.         0.01886792 0.01886792 0.         0.         0.
 0.         0.         0.01886792]",0.5194575218866834,0.5334294875548564,0.05
1279173527,0.13011451806163912,0.882337033521572,"[0.00917431 0.         0.         0.         0.         0.
 0.         0.         0.         0.         0.05504587 0.06422018
 0.00917431 0.         0.02752294 0.01834862 0.00917431 0.02752294
 0.04587156 0.04587156 0.33027523 0.21100917 0.13761468 0.00917431]","[0.27522936 0.19266055 0.23853211 0.06422018 0.         0.
 0.2293578 ]",[0.74311927 0.16513761 0.05504587 0.00917431 0.01834862 0.00917431],0.31461288135128573,0.43130734803507065,0.0
1753465784,0.08714978548977449,0.1691697368608971,"[0.17647059 0.         0.         0.         0.         0.
 0.         0.05882353 0.05882353 0.05882353 0.17647059 0.
 0.05882353 0.11764706 0.         0.05882353 0.05882353 0.05882353
 0.         0.         0.         0.05882353 0.05882353 0.        ]","[0.35294118 0.23529412 0.17647059 0.11764706 0.05882353 0.
 0.05882353]","[0.47058824 0.17647059 0.         0.         0.         0.
 0.         0.         0.         0.05882353 0.         0.
 0.         0.         0.         0.         0.         0.
 0.05882353 0.         0.05882353 0.         0.         0.
 0.05882353 0.         0.         0.         0.05882353 0.
 0.         0.         0.         0.         0.05882353]",0.704128029809607,0.5740960706262174,0.0
523604920,0.07066846577034479,0.10239468342243394,"[0.16666667 0.08333333 0.         0.16666667 0.         0.
 0.         0.         0.08333333 0.         0.         0.
 0.25       0.16666667 0.         0.08333333 0.         0.
 0.         0.         0.         0.         0.         0.        ]","[0.41666667 0.16666667 0.16666667 0.         0.         0.25
 0.        ]","[0.41666667 0.16666667 0.         0.16666667 0.         0.
 0.         0.         0.08333333 0.         0.         0.
 0.         0.         0.         0.         0.         0.
 0.         0.         0.         0.         0.         0.
 0.         0.         0.         0.         0.         0.
 0.         0.         0.         0.         0.         0.
 0.         0.         0.         0.         0.         0.
 0.         0.         0.         0.         0.         0.
 0.         0.         0.         0.         0.         0.
 0.         0.         0.         0.         0.08333333 0.
 0.         0.         0.         0.         0.         0.
 0.         0.08333333]",0.8756270540719612,0.761749679431944,0.0
8103603397,0.27172339906333015,1.013700545014891,"[0.26 0.06 0.   0.   0.   0.08 0.14 0.1  0.02 0.   0.14 0.   0.02 0.
 0.   0.   0.   0.   0.   0.   0.   0.02 0.02 0.14]",[0.3  0.08 0.32 0.1  0.1  0.04 0.06],"[0.46 0.16 0.18 0.02 0.02 0.04 0.04 0.02 0.   0.   0.   0.02 0.   0.02
 0.   0.   0.   0.02]",0.6235328831412095,0.6547052477876913,0.05
7093536,0.037670590041418366,0.042174348463671414,"[0.5        0.         0.         0.         0.         0.
 0.33333333 0.         0.         0.16666667 0.         0.
 0.         0.         0.         0.         0.         0.
 0.         0.         0.         0.         0.         0.        ]","[0.66666667 0.         0.         0.         0.         0.33333333
 0.        ]","[0.         0.16666667 0.         0.16666667 0.         0.
 0.         0.         0.16666667 0.         0.         0.
 0.         0.16666667 0.         0.         0.         0.
 0.         0.         0.         0.         0.         0.
 0.         0.         0.         0.         0.         0.
 0.         0.         0.         0.         0.         0.
 0.         0.         0.         0.         0.         0.
 0.         0.         0.         0.         0.         0.
 0.         0.         0.         0.         0.         0.
 0.         0.         0.         0.         0.         0.16666667
 0.         0.         0.16666667]",1.130374241963295,0.8327880042823562,0.05263157894736842
5385783999,0.06158185305954037,0.3184224029664993,"[0.05769231 0.03846154 0.07692308 0.05769231 0.01923077 0.05769231
 0.         0.         0.01923077 0.09615385 0.07692308 0.03846154
 0.11538462 0.         0.03846154 0.01923077 0.11538462 0.
 0.         0.         0.         0.         0.         0.17307692]","[0.15384615 0.21153846 0.09615385 0.25       0.01923077 0.
 0.26923077]","[0.48076923 0.17307692 0.13461538 0.07692308 0.01923077 0.01923077
 0.01923077 0.01923077 0.         0.         0.         0.
 0.         0.03846154 0.         0.         0.         0.01923077]",0.41646366060541923,0.5861212431418173,0.15
5939000459,0.09865890987027108,0.40780385403298924,"[0.1   0.075 0.15  0.    0.    0.    0.    0.    0.    0.    0.    0.
 0.    0.075 0.425 0.1   0.    0.    0.    0.    0.    0.    0.    0.075]",[0.125 0.05  0.025 0.    0.35  0.1   0.35 ],[0.3   0.15  0.15  0.125 0.05  0.025 0.075 0.05  0.025 0.    0.025 0.025],0.6441561871633753,0.7120963392303556,0.0
882741473,0.03898623785803622,0.05094259074696475,"[0.21428571 0.         0.         0.07142857 0.         0.
 0.         0.07142857 0.07142857 0.07142857 0.07142857 0.14285714
 0.         0.         0.         0.07142857 0.07142857 0.07142857
 0.         0.         0.         0.         0.         0.07142857]","[0.42857143 0.         0.14285714 0.07142857 0.         0.07142857
 0.28571429]","[0.21428571 0.14285714 0.28571429 0.         0.14285714 0.07142857
 0.         0.         0.         0.         0.         0.07142857
 0.         0.         0.         0.         0.         0.
 0.         0.         0.         0.         0.         0.
 0.         0.         0.         0.         0.         0.
 0.         0.         0.         0.         0.         0.
 0.         0.         0.         0.         0.         0.
 0.         0.         0.         0.         0.         0.
 0.         0.         0.         0.         0.         0.
 0.         0.         0.         0.         0.         0.
 0.         0.         0.         0.         0.         0.
 0.         0.         0.         0.         0.         0.
 0.         0.         0.         0.         0.         0.
 0.         0.         0.         0.         0.         0.
 0.         0.         0.         0.         0.         0.
 0.         0.         0.         0.         0.         0.
 0.07142857]",1.0159653733544967,1.0176746958698002,0.0
846583442,0.5087654914761224,2.132171723023526,"[0.04878049 0.01219512 0.07317073 0.06097561 0.02439024 0.02439024
 0.03658537 0.         0.         0.         0.         0.
 0.         0.         0.01219512 0.         0.08536585 0.06097561
 0.07317073 0.19512195 0.09756098 0.07317073 0.03658537 0.08536585]","[0.20731707 0.2804878  0.14634146 0.09756098 0.09756098 0.04878049
 0.12195122]","[0.63414634 0.18292683 0.1097561  0.02439024 0.02439024 0.01219512
 0.         0.         0.         0.         0.01219512]",0.4255083336154801,0.4592858108695871,0.05
739287264,1.5441554940072073,5.502305914935764,"[0.15789474 0.02631579 0.02631579 0.07894737 0.05263158 0.
 0.10526316 0.10526316 0.07894737 0.07894737 0.05263158 0.02631579
 0.02631579 0.07894737 0.02631579 0.07894737 0.         0.
 0.         0.         0.         0.         0.         0.        ]","[0.13157895 0.18421053 0.07894737 0.05263158 0.10526316 0.28947368
 0.15789474]","[0.42105263 0.13157895 0.10526316 0.07894737 0.02631579 0.07894737
 0.05263158 0.02631579 0.         0.         0.02631579 0.02631579
 0.         0.         0.         0.         0.         0.
 0.         0.         0.         0.         0.         0.
 0.02631579]",0.7772477218106254,0.7648221441724938,0.0
763736495,0.19858795036089297,0.7163585909495769,"[0.05660377 0.03773585 0.24528302 0.09433962 0.01886792 0.
 0.         0.         0.         0.         0.03773585 0.03773585
 0.         0.01886792 0.         0.         0.05660377 0.09433962
 0.03773585 0.05660377 0.05660377 0.03773585 0.09433962 0.01886792]","[0.11320755 0.0754717  0.26415094 0.13207547 0.1509434  0.11320755
 0.1509434 ]","[0.49056604 0.30188679 0.0754717  0.03773585 0.         0.01886792
 0.01886792 0.01886792 0.01886792 0.         0.         0.
 0.         0.         0.         0.         0.         0.
 0.         0.         0.         0.         0.         0.
 0.         0.         0.         0.         0.01886792]",0.8706741036628504,0.8095794220875554,0.0
47528201,0.21919102276228647,1.1168647968017582,"[0.07042254 0.         0.02816901 0.01408451 0.         0.
 0.         0.         0.         0.         0.05633803 0.04225352
 0.01408451 0.12676056 0.02816901 0.07042254 0.01408451 0.09859155
 0.14084507 0.12676056 0.07042254 0.02816901 0.01408451 0.05633803]","[0.1971831  0.08450704 0.15492958 0.09859155 0.12676056 0.18309859
 0.15492958]","[0.64788732 0.1971831  0.05633803 0.02816901 0.01408451 0.01408451
 0.01408451 0.         0.         0.01408451 0.         0.
 0.         0.         0.01408451]",0.5783451083018858,0.8652972367036138,0.0
363858003,0.45796779148329814,1.9549583171447056,"[0.12345679 0.13580247 0.11111111 0.01234568 0.01234568 0.
 0.01234568 0.         0.01234568 0.         0.         0.
 0.         0.         0.         0.08641975 0.2962963  0.03703704
 0.01234568 0.01234568 0.02469136 0.01234568 0.01234568 0.08641975]","[0.19753086 0.04938272 0.20987654 0.13580247 0.07407407 0.13580247
 0.19753086]","[0.66666667 0.14814815 0.11111111 0.03703704 0.01234568 0.01234568
 0.01234568]",0.46370961603965244,0.49185583017656836,0.0
6527377113,0.17635370715187312,0.7122713471185163,"[0.02857143 0.         0.         0.         0.         0.
 0.         0.         0.05714286 0.02857143 0.08571429 0.
 0.         0.02857143 0.         0.         0.         0.
 0.         0.         0.         0.08571429 0.34285714 0.34285714]","[0.25714286 0.05714286 0.         0.         0.08571429 0.42857143
 0.17142857]","[0.34285714 0.17142857 0.11428571 0.08571429 0.08571429 0.
 0.02857143 0.02857143 0.02857143 0.02857143 0.02857143 0.02857143
 0.02857143]",0.8624044564301168,0.8772959471947261,0.0
7435725662,0.29821615822427733,1.0584215538345774,"[0.11956522 0.08695652 0.13043478 0.06521739 0.11956522 0.04347826
 0.05434783 0.05434783 0.         0.10869565 0.07608696 0.01086957
 0.01086957 0.         0.         0.         0.         0.
 0.02173913 0.01086957 0.         0.01086957 0.         0.07608696]","[0.14130435 0.13043478 0.09782609 0.11956522 0.09782609 0.19565217
 0.2173913 ]",[0.72826087 0.16304348 0.05434783 0.04347826 0.01086957],0.5752805209293177,0.44290762416701845,0.0
1218624023,0.05763955354251951,0.37889121568750744,"[0.13924051 0.03797468 0.03797468 0.         0.         0.
 0.         0.         0.         0.01265823 0.02531646 0.05063291
 0.11392405 0.06329114 0.02531646 0.08860759 0.07594937 0.02531646
 0.05063291 0.02531646 0.11392405 0.06329114 0.05063291 0.        ]","[0.12658228 0.11392405 0.20253165 0.10126582 0.20253165 0.15189873
 0.10126582]",[0.67088608 0.15189873 0.07594937 0.03797468 0.05063291 0.01265823],0.44478376472433273,0.5186099422980395,0.0
183545249,0.14947554296520826,0.8897333280691757,"[0.05   0.0125 0.025  0.075  0.05   0.0625 0.0125 0.0375 0.025  0.0625
 0.05   0.025  0.     0.     0.     0.     0.     0.     0.     0.0875
 0.15   0.2    0.     0.075 ]",[0.1875 0.1    0.2125 0.125  0.0875 0.1375 0.15  ],"[0.7    0.1625 0.0625 0.0375 0.0125 0.0125 0.     0.     0.     0.
 0.     0.     0.0125]",0.43860353070534397,0.48401154142981906,0.0
586275546,0.886805079422424,5.782662140455471,"[0.11267606 0.09859155 0.05633803 0.01408451 0.02816901 0.07042254
 0.01408451 0.09859155 0.02816901 0.04225352 0.05633803 0.05633803
 0.08450704 0.09859155 0.01408451 0.01408451 0.         0.
 0.         0.         0.         0.         0.02816901 0.08450704]","[0.21126761 0.16901408 0.1971831  0.11267606 0.08450704 0.08450704
 0.14084507]","[0.6056338  0.15492958 0.15492958 0.02816901 0.04225352 0.
 0.         0.         0.         0.01408451]",0.44145127420507263,0.48257145921282457,0.0
823159223,0.06945134918149777,0.3277453794911797,"[0.13636364 0.         0.04545455 0.07575758 0.04545455 0.01515152
 0.         0.         0.         0.         0.         0.
 0.03030303 0.09090909 0.15151515 0.07575758 0.01515152 0.01515152
 0.03030303 0.03030303 0.01515152 0.         0.10606061 0.12121212]","[0.22727273 0.12121212 0.18181818 0.22727273 0.12121212 0.
 0.12121212]","[0.62121212 0.1969697  0.04545455 0.06060606 0.01515152 0.01515152
 0.01515152 0.         0.         0.01515152 0.01515152]",0.29724676473311074,0.7011284199102215,0.85
1889882810,1.1604108817646945,4.137557002105198,"[0.17021277 0.08510638 0.04255319 0.08510638 0.06382979 0.04255319
 0.04255319 0.         0.10638298 0.         0.06382979 0.
 0.19148936 0.06382979 0.0212766  0.         0.         0.
 0.         0.         0.         0.         0.         0.0212766 ]","[0.14893617 0.12765957 0.12765957 0.17021277 0.19148936 0.17021277
 0.06382979]","[0.55319149 0.10638298 0.08510638 0.06382979 0.08510638 0.04255319
 0.         0.         0.         0.         0.0212766  0.0212766
 0.         0.         0.0212766 ]",0.8317572506320335,0.8751523628645291,0.0
883181444,0.34787998140641435,2.1228518821653797,"[0.08333333 0.04166667 0.02777778 0.02777778 0.01388889 0.02777778
 0.05555556 0.09722222 0.09722222 0.11111111 0.02777778 0.
 0.         0.         0.         0.         0.         0.01388889
 0.11111111 0.04166667 0.09722222 0.06944444 0.04166667 0.01388889]","[0.16666667 0.09722222 0.125      0.16666667 0.13888889 0.19444444
 0.11111111]","[0.54166667 0.26388889 0.11111111 0.05555556 0.         0.01388889
 0.01388889]",0.7516697320300687,0.7832975189498822,0.0
6352496684,0.045104765623544554,0.10366002450172744,"[0.14285714 0.         0.         0.         0.         0.
 0.07142857 0.         0.07142857 0.21428571 0.14285714 0.
 0.         0.14285714 0.         0.         0.         0.
 0.         0.         0.         0.         0.         0.21428571]","[0.42857143 0.         0.21428571 0.         0.14285714 0.07142857
 0.14285714]","[0.35714286 0.         0.07142857 0.07142857 0.         0.07142857
 0.07142857 0.         0.         0.         0.         0.
 0.         0.07142857 0.         0.07142857 0.         0.07142857
 0.         0.         0.         0.         0.         0.
 0.         0.         0.07142857 0.         0.07142857]",0.4859634902878278,0.4761328525239972,0.35
5022291667,0.07920641937565004,0.3960002680301354,"[0.14516129 0.01612903 0.         0.01612903 0.         0.
 0.         0.         0.         0.         0.         0.
 0.06451613 0.16129032 0.0483871  0.01612903 0.         0.06451613
 0.         0.03225806 0.03225806 0.06451613 0.09677419 0.24193548]","[0.20967742 0.14516129 0.11290323 0.24193548 0.03225806 0.
 0.25806452]","[0.59677419 0.17741935 0.09677419 0.03225806 0.01612903 0.01612903
 0.01612903 0.0483871 ]",0.3150089928633685,0.3790182809289801,0.05
713442267,0.05326952022427932,0.18390189974742516,"[0.15151515 0.12121212 0.15151515 0.03030303 0.12121212 0.06060606
 0.03030303 0.         0.06060606 0.06060606 0.03030303 0.
 0.         0.         0.         0.         0.         0.
 0.         0.         0.         0.         0.06060606 0.12121212]","[0.33333333 0.27272727 0.15151515 0.12121212 0.03030303 0.
 0.09090909]","[0.51515152 0.15151515 0.06060606 0.06060606 0.06060606 0.
 0.         0.03030303 0.         0.         0.03030303 0.
 0.         0.         0.03030303 0.         0.         0.
 0.03030303 0.         0.         0.03030303]",0.5950237475919273,0.481303950180342,0.15
458678536,1.968408262454427,10.829441187741706,"[0.05607477 0.04672897 0.1682243  0.09345794 0.08411215 0.01869159
 0.07476636 0.02803738 0.01869159 0.02803738 0.         0.03738318
 0.         0.         0.         0.01869159 0.01869159 0.01869159
 0.00934579 0.04672897 0.08411215 0.         0.07476636 0.07476636]","[0.13084112 0.09345794 0.28971963 0.18691589 0.10280374 0.13084112
 0.06542056]",[0.87850467 0.09345794 0.00934579 0.01869159],0.08985084712738549,0.3187222442322758,0.9
1064775918,0.054962936913998985,0.3622961714247022,"[0.04615385 0.03076923 0.09230769 0.15384615 0.04615385 0.09230769
 0.07692308 0.01538462 0.         0.         0.         0.
 0.         0.         0.         0.01538462 0.07692308 0.06153846
 0.13846154 0.06153846 0.         0.04615385 0.03076923 0.01538462]","[0.16923077 0.04615385 0.09230769 0.04615385 0.2        0.24615385
 0.2       ]","[0.63076923 0.16923077 0.07692308 0.06153846 0.01538462 0.03076923
 0.         0.         0.         0.         0.         0.
 0.         0.01538462]",0.4002818340128809,0.5693308040634302,0.0
1209631818,0.18258615474918835,0.7455377095636132,"[0.04761905 0.         0.0952381  0.         0.02380952 0.0952381
 0.11904762 0.23809524 0.04761905 0.04761905 0.         0.
 0.04761905 0.         0.         0.         0.         0.
 0.         0.         0.         0.02380952 0.16666667 0.04761905]","[0.38095238 0.14285714 0.16666667 0.11904762 0.11904762 0.04761905
 0.02380952]","[0.47619048 0.21428571 0.0952381  0.07142857 0.         0.04761905
 0.02380952 0.         0.02380952 0.         0.02380952 0.
 0.         0.         0.         0.         0.         0.
 0.         0.         0.         0.         0.02380952]",0.6539530825160519,0.657930562930986,0.0
583442578,0.0364753772481311,0.11106935294376917,"[0.22580645 0.12903226 0.         0.         0.06451613 0.12903226
 0.09677419 0.         0.         0.         0.         0.
 0.         0.         0.         0.         0.         0.06451613
 0.03225806 0.09677419 0.03225806 0.         0.03225806 0.09677419]","[0.19354839 0.         0.         0.06451613 0.35483871 0.25806452
 0.12903226]","[0.41935484 0.16129032 0.09677419 0.03225806 0.06451613 0.03225806
 0.03225806 0.         0.03225806 0.         0.03225806 0.03225806
 0.03225806 0.         0.         0.         0.         0.
 0.03225806]",0.40271848038914854,0.4024774467316905,0.2
611657563,0.042849793619283656,0.22272143099039302,"[0.17647059 0.08823529 0.         0.         0.         0.
 0.         0.         0.         0.02941176 0.05882353 0.08823529
 0.02941176 0.05882353 0.02941176 0.         0.02941176 0.14705882
 0.08823529 0.02941176 0.         0.         0.02941176 0.11764706]","[0.23529412 0.11764706 0.08823529 0.08823529 0.11764706 0.17647059
 0.17647059]","[0.58823529 0.11764706 0.05882353 0.05882353 0.         0.02941176
 0.         0.05882353 0.         0.         0.         0.
 0.         0.         0.02941176 0.02941176 0.         0.
 0.         0.         0.         0.         0.         0.
 0.02941176]",0.21551177000965657,0.319940614824928,0.4
469791979,0.4385477487027382,1.4612626472225743,"[0.01666667 0.2        0.15       0.05       0.03333333 0.06666667
 0.05       0.01666667 0.01666667 0.01666667 0.03333333 0.
 0.03333333 0.         0.         0.         0.         0.
 0.         0.         0.06666667 0.1        0.06666667 0.08333333]","[0.25       0.1        0.2        0.13333333 0.1        0.13333333
 0.08333333]","[0.6        0.25       0.         0.08333333 0.01666667 0.
 0.01666667 0.01666667 0.         0.         0.01666667]",0.5646185660080497,0.7841390855932103,0.1
1954845918,0.2841074572570507,1.6473546774231866,"[0.08       0.01333333 0.05333333 0.01333333 0.02666667 0.01333333
 0.         0.         0.         0.         0.02666667 0.
 0.04       0.2        0.09333333 0.05333333 0.09333333 0.06666667
 0.01333333 0.01333333 0.         0.02666667 0.02666667 0.14666667]","[0.13333333 0.25333333 0.10666667 0.14666667 0.05333333 0.
 0.30666667]",[0.61333333 0.25333333 0.09333333 0.04      ],0.3732046853194508,0.4261415536087958,0.5
1083421726,1.8956918146735624,6.630410975946029,"[0.08695652 0.08695652 0.06521739 0.         0.02173913 0.
 0.06521739 0.10869565 0.06521739 0.06521739 0.         0.
 0.04347826 0.15217391 0.10869565 0.04347826 0.02173913 0.04347826
 0.02173913 0.         0.         0.         0.         0.        ]","[0.26086957 0.19565217 0.08695652 0.04347826 0.06521739 0.10869565
 0.23913043]","[0.54347826 0.2173913  0.         0.04347826 0.08695652 0.04347826
 0.02173913 0.         0.         0.02173913 0.         0.
 0.         0.02173913]",0.3986428694901144,0.44637480734392876,0.7
219975258,0.05886284344323092,0.6028187005408553,"[0.04395604 0.10989011 0.01098901 0.         0.01098901 0.
 0.         0.         0.         0.         0.04395604 0.25274725
 0.13186813 0.03296703 0.05494505 0.01098901 0.04395604 0.04395604
 0.         0.04395604 0.05494505 0.07692308 0.02197802 0.01098901]","[0.0989011  0.12087912 0.0989011  0.08791209 0.06593407 0.31868132
 0.20879121]",[0.8021978  0.14285714 0.04395604 0.01098901],0.2097850328712015,0.23369802120965957,0.3
5586176106,1.0427813940764243,3.794175257657335,"[0.01282051 0.         0.         0.         0.         0.
 0.         0.         0.16666667 0.16666667 0.07692308 0.
 0.         0.03846154 0.01282051 0.01282051 0.30769231 0.07692308
 0.         0.03846154 0.01282051 0.05128205 0.02564103 0.        ]","[0.03846154 0.28205128 0.11538462 0.28205128 0.         0.
 0.28205128]","[0.73076923 0.16666667 0.06410256 0.01282051 0.01282051 0.
 0.01282051]",0.5882386086428525,0.7797605045621345,0.0
693106176,0.06180196883415013,0.2339733871520267,"[0.03333333 0.03333333 0.         0.         0.         0.
 0.         0.         0.         0.         0.06666667 0.1
 0.33333333 0.13333333 0.06666667 0.         0.03333333 0.
 0.03333333 0.06666667 0.03333333 0.03333333 0.03333333 0.        ]","[0.2        0.06666667 0.         0.         0.43333333 0.13333333
 0.16666667]","[0.26666667 0.33333333 0.06666667 0.13333333 0.03333333 0.06666667
 0.03333333 0.         0.         0.         0.03333333 0.
 0.         0.         0.         0.         0.         0.
 0.         0.         0.         0.         0.         0.
 0.         0.         0.         0.         0.03333333]",0.507006573789,1.1408519920421778,0.2
4520788,0.1322671321263862,0.8236694892255556,"[0.02083333 0.04166667 0.08333333 0.04166667 0.04166667 0.14583333
 0.02083333 0.04166667 0.125      0.         0.02083333 0.04166667
 0.         0.04166667 0.04166667 0.08333333 0.04166667 0.
 0.         0.         0.         0.08333333 0.04166667 0.04166667]","[0.125      0.14583333 0.14583333 0.08333333 0.14583333 0.20833333
 0.14583333]","[0.5625     0.10416667 0.14583333 0.04166667 0.04166667 0.04166667
 0.         0.04166667 0.02083333]",0.5265455317395593,0.6152291169446737,0.1
299632362,0.051641179868546744,0.05720433976313302,"[0.28571429 0.14285714 0.         0.14285714 0.         0.
 0.         0.         0.         0.         0.         0.
 0.         0.         0.         0.         0.         0.
 0.         0.         0.         0.         0.         0.42857143]","[0.57142857 0.         0.         0.         0.         0.14285714
 0.28571429]","[0.28571429 0.14285714 0.28571429 0.         0.         0.
 0.         0.         0.         0.         0.         0.
 0.         0.         0.         0.         0.         0.
 0.         0.         0.         0.         0.         0.
 0.         0.         0.         0.         0.         0.
 0.         0.         0.         0.         0.         0.
 0.         0.         0.         0.         0.14285714 0.
 0.         0.         0.         0.         0.         0.
 0.         0.         0.         0.         0.         0.
 0.         0.         0.         0.         0.         0.14285714]",1.176732691918078,0.8759189962896162,0.05
15107476,0.03799515510538377,0.026400272024571604,"[0.42857143 0.14285714 0.14285714 0.         0.         0.14285714
 0.         0.         0.         0.         0.         0.
 0.         0.         0.         0.         0.         0.
 0.         0.         0.         0.         0.         0.14285714]","[0.28571429 0.57142857 0.         0.14285714 0.         0.
 0.        ]","[0.28571429 0.14285714 0.         0.         0.         0.
 0.14285714 0.         0.14285714 0.14285714 0.         0.
 0.         0.         0.         0.         0.         0.
 0.         0.         0.         0.         0.         0.
 0.         0.         0.         0.         0.         0.
 0.         0.         0.         0.         0.         0.
 0.         0.         0.         0.         0.         0.
 0.         0.         0.         0.         0.         0.
 0.         0.         0.         0.         0.         0.
 0.         0.         0.         0.         0.         0.
 0.         0.         0.         0.         0.         0.
 0.         0.         0.         0.         0.         0.
 0.         0.         0.         0.         0.         0.
 0.         0.14285714]",1.7843897408076428,0.907760156183135,0.0
949243245,0.053777977619398225,0.05002994517220955,"[0.1 0.  0.  0.  0.  0.  0.  0.  0.  0.  0.  0.  0.  0.3 0.1 0.  0.  0.
 0.  0.  0.  0.2 0.3 0. ]",[0.4 0.1 0.1 0.2 0.  0.  0.2],"[0.1 0.1 0.  0.2 0.1 0.1 0.  0.  0.  0.  0.  0.  0.  0.  0.  0.  0.1 0.
 0.  0.1 0.  0.  0.1 0.  0.  0.  0.  0.1]",2.1810539621966285,1.9788073429807842,0.0
898027086,0.028188604543063496,0.13063386627688472,"[0.03333333 0.06666667 0.06666667 0.06666667 0.         0.
 0.         0.         0.06666667 0.         0.06666667 0.
 0.         0.13333333 0.03333333 0.06666667 0.1        0.
 0.1        0.         0.03333333 0.03333333 0.         0.13333333]","[0.23333333 0.33333333 0.06666667 0.1        0.1        0.03333333
 0.13333333]","[0.33333333 0.36666667 0.         0.         0.1        0.1
 0.         0.         0.         0.         0.         0.
 0.03333333 0.03333333 0.03333333]",0.20867287169321463,0.22515959578859013,0.95
1919853430,0.11560775535358868,0.537134985594927,"[0.05263158 0.02631579 0.         0.07894737 0.         0.07894737
 0.02631579 0.02631579 0.23684211 0.02631579 0.         0.05263158
 0.18421053 0.02631579 0.05263158 0.07894737 0.02631579 0.
 0.         0.         0.         0.         0.         0.02631579]","[0.13157895 0.18421053 0.05263158 0.05263158 0.02631579 0.18421053
 0.36842105]","[0.57894737 0.15789474 0.05263158 0.07894737 0.05263158 0.
 0.         0.         0.         0.02631579 0.         0.02631579
 0.         0.         0.         0.         0.         0.
 0.         0.         0.         0.02631579]",0.8764472027424046,0.8296068013154091,0.05
7674063810,0.41797822385056194,1.8750580165374566,"[0.1372549  0.03921569 0.05882353 0.03921569 0.07843137 0.
 0.01960784 0.03921569 0.07843137 0.15686275 0.         0.
 0.         0.         0.         0.01960784 0.         0.01960784
 0.09803922 0.01960784 0.01960784 0.07843137 0.03921569 0.05882353]","[0.09803922 0.1372549  0.09803922 0.15686275 0.05882353 0.11764706
 0.33333333]","[0.70588235 0.15686275 0.03921569 0.         0.         0.01960784
 0.01960784 0.01960784 0.         0.         0.01960784 0.
 0.         0.         0.01960784]",0.7685342265917804,1.1781801163573355,0.0
743457298,0.45362086655986394,2.0265407356705616,"[0.09677419 0.         0.06451613 0.03225806 0.08064516 0.0483871
 0.09677419 0.0483871  0.         0.         0.         0.
 0.         0.         0.         0.         0.         0.
 0.         0.06451613 0.08064516 0.16129032 0.17741935 0.0483871 ]","[0.14516129 0.12903226 0.17741935 0.16129032 0.19354839 0.01612903
 0.17741935]",[0.62903226 0.22580645 0.06451613 0.01612903 0.0483871  0.01612903],0.4026443163319065,0.4325529165143554,0.05
5956121407,1.5361404471265878,4.369006787792239,"[0.03947368 0.         0.01315789 0.01315789 0.         0.
 0.         0.         0.         0.         0.         0.06578947
 0.02631579 0.06578947 0.06578947 0.21052632 0.05263158 0.02631579
 0.01315789 0.         0.         0.         0.28947368 0.11842105]","[0.18421053 0.05263158 0.14473684 0.06578947 0.22368421 0.14473684
 0.18421053]",[0.76315789 0.17105263 0.01315789 0.03947368 0.01315789],0.3788206769692241,0.8563390591851004,0.65
7176429974,1.079217567263761,2.8579133746080667,"[0.17171717 0.14141414 0.05050505 0.01010101 0.01010101 0.05050505
 0.06060606 0.02020202 0.03030303 0.         0.08080808 0.06060606
 0.11111111 0.04040404 0.06060606 0.04040404 0.         0.
 0.         0.         0.         0.01010101 0.01010101 0.04040404]","[0.2020202  0.15151515 0.21212121 0.21212121 0.07070707 0.06060606
 0.09090909]",[0.95959596 0.04040404],0.2990366694619783,0.34192078249822644,0.0
