user_id,rho_a,pd_t,pw_t,p_Na,Nw,A_best,p_value
325277511,8.0507690728478,"[0.04697592 0.05343511 0.05578391 0.05108632 0.03992954 0.02113917
 0.01702877 0.00763359 0.00469759 0.0017616  0.002936   0.00587199
 0.02818555 0.05578391 0.06694069 0.08514386 0.07457428 0.0628303
 0.05695831 0.05343511 0.05519671 0.05402231 0.04991192 0.04873752]","[0.15678215 0.16793893 0.10628303 0.07751028 0.13916618 0.18027011
 0.17204932]","[0.37169701 0.21080446 0.10980622 0.08514386 0.0598943  0.03816794
 0.03170875 0.01291838 0.01526718 0.01174398 0.01291838 0.00528479
 0.00469759 0.00645919 0.0017616  0.00528479 0.0023488  0.0017616
 0.002936   0.0017616  0.002936   0.0011744  0.         0.
 0.0017616  0.         0.         0.         0.         0.
 0.0005872  0.         0.         0.0011744 ]",22.038295592883937,0.4486533378980458,0.0
274636082,3.0175578308535367,"[0.03633218 0.0432526  0.03979239 0.03287197 0.03200692 0.05276817
 0.08304498 0.07612457 0.06055363 0.06141869 0.06055363 0.07439446
 0.07093426 0.05968858 0.03114187 0.00778547 0.0017301  0.00086505
 0.00432526 0.01124567 0.03114187 0.05882353 0.0432526  0.02595156]","[0.16089965 0.16089965 0.14619377 0.12889273 0.14619377 0.11678201
 0.14013841]","[0.45155709 0.20415225 0.10899654 0.05276817 0.04584775 0.0467128
 0.01816609 0.01470588 0.01297578 0.00951557 0.00951557 0.00778547
 0.00519031 0.00259516 0.0017301  0.         0.         0.00259516
 0.         0.0017301  0.         0.00086505 0.00086505 0.0017301 ]",10.591267638982506,0.7223818664528993,0.0
323309626,1.2662550184008738,"[0.08405797 0.08405797 0.08695652 0.09855072 0.11884058 0.09565217
 0.09565217 0.05217391 0.05217391 0.03478261 0.0057971  0.03478261
 0.02318841 0.0173913  0.         0.0057971  0.         0.
 0.         0.         0.0057971  0.01449275 0.03768116 0.05217391]","[0.13043478 0.13913043 0.16231884 0.14202899 0.15362319 0.13623188
 0.13623188]","[0.24637681 0.16811594 0.12753623 0.07246377 0.08985507 0.04927536
 0.0173913  0.02318841 0.03478261 0.02898551 0.02898551 0.01449275
 0.0057971  0.01449275 0.01449275 0.0057971  0.00289855 0.00869565
 0.00869565 0.         0.         0.00289855 0.00289855 0.00289855
 0.0057971  0.00289855 0.         0.00289855 0.         0.
 0.0057971  0.         0.00289855 0.         0.         0.
 0.         0.00289855 0.         0.         0.         0.
 0.         0.         0.         0.00289855 0.         0.
 0.         0.         0.         0.         0.         0.
 0.         0.         0.         0.         0.         0.
 0.         0.         0.00289855]",1.5578071150250798,1.8330621796285589,0.0
1848901170,2.519878997613786,"[0.07458564 0.03314917 0.0441989  0.06353591 0.02762431 0.03867403
 0.02486188 0.01104972 0.01381215 0.00828729 0.00276243 0.00828729
 0.06629834 0.02209945 0.0359116  0.03314917 0.03038674 0.03314917
 0.06906077 0.0801105  0.05524862 0.0718232  0.05801105 0.09392265]","[0.1519337  0.13259669 0.18232044 0.1160221  0.09944751 0.1519337
 0.16574586]","[0.23756906 0.19337017 0.11878453 0.08839779 0.06353591 0.06353591
 0.04972376 0.02209945 0.02762431 0.02486188 0.01381215 0.01933702
 0.01381215 0.00828729 0.00552486 0.01104972 0.00552486 0.00552486
 0.00276243 0.         0.         0.00552486 0.00552486 0.
 0.         0.00276243 0.         0.         0.         0.
 0.         0.         0.         0.         0.         0.00276243
 0.         0.00276243 0.         0.         0.         0.
 0.         0.         0.         0.         0.00276243 0.
 0.         0.         0.         0.         0.         0.00276243]",2.1588302147604055,1.628956435242348,0.0
4473225,3.4264589450391782,"[0.10233393 0.1059246  0.05745063 0.06283662 0.05385996 0.08438061
 0.07181329 0.05924596 0.05206463 0.03590664 0.06283662 0.05385996
 0.         0.         0.         0.         0.         0.
 0.         0.         0.01077199 0.04308797 0.06642729 0.07719928]","[0.19748654 0.1059246  0.1059246  0.1454219  0.14721724 0.14362657
 0.15439856]","[0.33572711 0.24236984 0.14901257 0.07719928 0.05745063 0.04129264
 0.01077199 0.01615799 0.01974865 0.01077199 0.00359066 0.00359066
 0.00897666 0.00718133 0.005386   0.00179533 0.00179533 0.00359066
 0.         0.         0.00179533 0.         0.         0.
 0.         0.         0.         0.         0.         0.
 0.00179533]",3.990014918779599,1.8138684885587175,0.0
145800528,0.4039288686655304,"[0.07287449 0.08906883 0.048583   0.06477733 0.02834008 0.01214575
 0.         0.         0.         0.         0.01619433 0.048583
 0.09716599 0.06072874 0.04048583 0.06477733 0.03238866 0.048583
 0.06477733 0.06477733 0.04048583 0.04453441 0.01619433 0.04453441]","[0.09311741 0.10526316 0.14574899 0.18218623 0.1902834  0.10526316
 0.17813765]","[0.29554656 0.13360324 0.12550607 0.07692308 0.07692308 0.0242915
 0.03238866 0.0242915  0.03238866 0.02024291 0.01214575 0.02024291
 0.01619433 0.01214575 0.00404858 0.00809717 0.01619433 0.00809717
 0.00404858 0.00404858 0.         0.         0.         0.
 0.00404858 0.         0.         0.         0.         0.00404858
 0.         0.         0.         0.         0.         0.
 0.         0.         0.00404858 0.         0.         0.00404858
 0.         0.         0.00404858 0.         0.         0.00404858
 0.         0.         0.00809717 0.         0.         0.
 0.         0.         0.         0.         0.00404858 0.
 0.         0.00404858 0.         0.         0.         0.
 0.         0.         0.00404858 0.         0.00404858 0.
 0.         0.         0.         0.         0.         0.
 0.         0.         0.         0.         0.         0.
 0.         0.00404858]",0.656921500247449,2.4853271903079657,0.0
6988965722,2.3033974847409757,"[0.09335443 0.09651899 0.05063291 0.03322785 0.02689873 0.02531646
 0.01107595 0.01107595 0.01265823 0.00632911 0.00316456 0.00632911
 0.00474684 0.0221519  0.08386076 0.08227848 0.0664557  0.05063291
 0.0664557  0.05537975 0.05063291 0.0443038  0.05221519 0.0443038 ]","[0.09651899 0.08702532 0.10917722 0.17721519 0.15189873 0.17563291
 0.20253165]","[0.47943038 0.20094937 0.12025316 0.0806962  0.03639241 0.02056962
 0.01582278 0.00949367 0.00632911 0.00474684 0.00158228 0.00474684
 0.00791139 0.00316456 0.00158228 0.00316456 0.00158228 0.
 0.         0.         0.         0.         0.         0.
 0.         0.00158228]",4.831970726545307,0.7461572020597765,0.0
32432053,0.529116917072866,"[0.04075235 0.04388715 0.05956113 0.04388715 0.04388715 0.02821317
 0.02507837 0.0031348  0.01253918 0.0031348  0.         0.
 0.         0.01567398 0.04075235 0.09090909 0.0815047  0.06896552
 0.06583072 0.05642633 0.06583072 0.09717868 0.06896552 0.04388715]","[0.10031348 0.19749216 0.14420063 0.169279   0.11598746 0.169279
 0.10344828]","[0.41065831 0.17554859 0.09404389 0.10971787 0.05329154 0.04075235
 0.02194357 0.01880878 0.00626959 0.00626959 0.0031348  0.00626959
 0.00626959 0.         0.00626959 0.0031348  0.0031348  0.0031348
 0.0031348  0.         0.0031348  0.         0.         0.0031348
 0.         0.         0.00626959 0.         0.         0.
 0.         0.         0.         0.0031348  0.00626959 0.
 0.         0.         0.         0.         0.         0.
 0.         0.         0.         0.         0.         0.
 0.         0.         0.         0.         0.         0.
 0.         0.         0.         0.         0.         0.
 0.         0.         0.         0.         0.         0.
 0.         0.         0.         0.         0.         0.
 0.         0.         0.0031348  0.         0.         0.
 0.         0.         0.         0.         0.         0.
 0.         0.         0.         0.         0.         0.
 0.         0.         0.         0.         0.         0.
 0.         0.         0.         0.         0.         0.
 0.         0.         0.         0.         0.         0.
 0.         0.         0.         0.         0.         0.
 0.0031348 ]",0.8506572449250474,2.5888677768702224,0.0
786960293,0.7656343937112792,"[0.01176471 0.02352941 0.         0.         0.         0.
 0.         0.         0.04705882 0.05882353 0.02352941 0.18823529
 0.07058824 0.07058824 0.07058824 0.04705882 0.10588235 0.02352941
 0.01176471 0.01176471 0.11764706 0.03529412 0.05882353 0.02352941]","[0.29411765 0.15294118 0.14117647 0.18823529 0.08235294 0.09411765
 0.04705882]","[0.15294118 0.12941176 0.12941176 0.14117647 0.02352941 0.01176471
 0.05882353 0.         0.01176471 0.03529412 0.02352941 0.02352941
 0.04705882 0.         0.         0.02352941 0.02352941 0.02352941
 0.01176471 0.03529412 0.         0.01176471 0.         0.
 0.01176471 0.         0.         0.01176471 0.01176471 0.
 0.         0.         0.         0.         0.         0.
 0.         0.         0.         0.         0.         0.
 0.         0.         0.         0.         0.         0.
 0.         0.         0.01176471 0.         0.         0.
 0.         0.         0.         0.         0.         0.
 0.         0.         0.         0.         0.         0.
 0.         0.         0.         0.         0.         0.
 0.         0.         0.         0.         0.         0.
 0.         0.         0.         0.         0.         0.
 0.01176471 0.         0.         0.         0.         0.
 0.         0.         0.         0.         0.         0.
 0.         0.         0.         0.         0.         0.
 0.         0.         0.         0.         0.         0.
 0.         0.         0.         0.         0.         0.
 0.         0.         0.         0.         0.         0.
 0.         0.         0.         0.         0.         0.
 0.         0.         0.         0.         0.         0.
 0.         0.         0.         0.         0.         0.
 0.         0.         0.         0.         0.         0.
 0.         0.         0.         0.         0.         0.
 0.         0.         0.         0.         0.         0.
 0.         0.         0.         0.         0.         0.
 0.         0.         0.         0.         0.         0.
 0.         0.         0.         0.         0.         0.
 0.         0.         0.         0.         0.         0.
 0.         0.         0.         0.         0.         0.
 0.         0.         0.         0.         0.         0.
 0.         0.         0.         0.         0.         0.
 0.         0.         0.         0.         0.         0.
 0.01176471 0.         0.         0.         0.         0.
 0.         0.         0.         0.         0.         0.
 0.         0.         0.         0.         0.         0.
 0.         0.         0.         0.         0.         0.
 0.         0.         0.         0.         0.         0.
 0.         0.         0.         0.         0.         0.
 0.         0.         0.         0.         0.         0.
 0.         0.         0.         0.         0.         0.
 0.         0.         0.         0.         0.         0.
 0.         0.         0.         0.         0.         0.
 0.         0.         0.         0.         0.         0.
 0.         0.         0.         0.         0.         0.
 0.         0.         0.         0.         0.01176471]",0.4431487702781099,3.6911503773133,0.0
302926911,2.2962125494628074,"[0.00200401 0.         0.         0.         0.06613226 0.08216433
 0.01803607 0.02204409 0.01603206 0.04008016 0.06613226 0.07214429
 0.08016032 0.05811623 0.0761523  0.05210421 0.02204409 0.03807615
 0.04809619 0.05811623 0.06813627 0.07014028 0.02805611 0.01603206]","[0.1002004  0.12224449 0.16833667 0.16833667 0.15430862 0.14829659
 0.13827655]","[0.4509018  0.26452906 0.10220441 0.08016032 0.04008016 0.02004008
 0.01402806 0.00400802 0.01002004 0.00400802 0.00200401 0.
 0.         0.         0.00200401 0.00400802 0.         0.
 0.         0.         0.         0.         0.         0.
 0.         0.00200401]",2.751760929335324,1.238510602133149,0.0
1232695,1.65519510443568,"[0.07116105 0.05617978 0.08801498 0.08426966 0.03932584 0.04494382
 0.04868914 0.07303371 0.05805243 0.06367041 0.0411985  0.03183521
 0.02434457 0.0093633  0.         0.         0.00187266 0.00749064
 0.02808989 0.02996255 0.03370787 0.03932584 0.06367041 0.06179775]","[0.15543071 0.15168539 0.16666667 0.15355805 0.13670412 0.12921348
 0.10674157]","[0.60486891 0.21161049 0.08614232 0.04681648 0.02059925 0.01123596
 0.00749064 0.00561798 0.         0.         0.00374532 0.
 0.         0.         0.         0.         0.         0.00187266]",5.544442517116254,0.5516749425354931,0.0
475576603,1.205521817436627,"[0.03623188 0.05072464 0.02173913 0.07246377 0.04347826 0.05072464
 0.05797101 0.04347826 0.00724638 0.         0.00724638 0.00724638
 0.02173913 0.07246377 0.04347826 0.05797101 0.07246377 0.06521739
 0.05797101 0.02173913 0.06521739 0.05797101 0.03623188 0.02898551]","[0.15942029 0.13768116 0.17391304 0.04347826 0.11594203 0.19565217
 0.17391304]","[0.2826087  0.12318841 0.06521739 0.06521739 0.07971014 0.03623188
 0.07246377 0.02898551 0.01449275 0.02173913 0.04347826 0.00724638
 0.00724638 0.01449275 0.02898551 0.01449275 0.01449275 0.00724638
 0.01449275 0.00724638 0.         0.00724638 0.         0.
 0.         0.         0.         0.00724638 0.00724638 0.
 0.00724638 0.         0.         0.         0.         0.
 0.00724638 0.01449275]",1.55326337000556,1.933391748908049,0.0
428716184,0.3961530113647709,"[0.04007286 0.04371585 0.04007286 0.07832423 0.0856102  0.08014572
 0.0582878  0.0582878  0.07103825 0.08196721 0.04189435 0.03460838
 0.02550091 0.00182149 0.00364299 0.         0.         0.00182149
 0.00364299 0.02003643 0.04735883 0.07832423 0.04918033 0.05464481]","[0.12932605 0.16393443 0.13843352 0.14936248 0.14754098 0.16029144
 0.11111111]","[0.69581056 0.18761384 0.06193078 0.02367942 0.00546448 0.00364299
 0.00182149 0.00182149 0.00546448 0.00182149 0.00182149 0.
 0.00182149 0.00182149 0.         0.00182149 0.00182149 0.
 0.00182149]",1.464387307198511,0.9817503918502436,0.0
185880661,0.8400050391538731,"[0.01578947 0.00526316 0.00526316 0.         0.         0.
 0.         0.         0.02631579 0.14210526 0.06842105 0.02105263
 0.04210526 0.03157895 0.04736842 0.02631579 0.03157895 0.02631579
 0.05263158 0.15789474 0.18421053 0.1        0.         0.01578947]","[0.15789474 0.15263158 0.13684211 0.04736842 0.02105263 0.28421053
 0.2       ]","[0.33684211 0.19473684 0.12631579 0.02631579 0.04736842 0.05789474
 0.05263158 0.01052632 0.02631579 0.00526316 0.01052632 0.01578947
 0.02631579 0.         0.01052632 0.01578947 0.00526316 0.
 0.01052632 0.01052632 0.         0.         0.         0.00526316
 0.         0.         0.00526316]",1.0805859030200295,1.788758153036653,0.0
8336493019,6.523351594727133,"[0.06666667 0.04705882 0.0745098  0.05882353 0.03921569 0.04313725
 0.03921569 0.03921569 0.05490196 0.04705882 0.08627451 0.05098039
 0.02352941 0.         0.         0.         0.         0.
 0.01176471 0.02745098 0.04705882 0.08235294 0.0627451  0.09803922]","[0.15686275 0.09803922 0.14117647 0.11372549 0.15686275 0.18823529
 0.14509804]","[0.4        0.21568627 0.12941176 0.08627451 0.04313725 0.01960784
 0.02352941 0.01568627 0.01568627 0.01568627 0.00784314 0.
 0.         0.00392157 0.00392157 0.         0.00392157 0.00392157
 0.00392157 0.         0.         0.         0.         0.
 0.         0.         0.00392157 0.         0.         0.
 0.         0.         0.         0.         0.         0.
 0.         0.         0.         0.         0.         0.
 0.         0.         0.         0.00392157]",13.039600735785749,1.048587415212586,0.0
412633448,1.6178984905476277,"[0.07380074 0.05166052 0.05166052 0.01845018 0.01107011 0.00738007
 0.01107011 0.         0.         0.         0.00369004 0.04059041
 0.07749077 0.09225092 0.0701107  0.01107011 0.05535055 0.05166052
 0.03690037 0.08487085 0.08118081 0.0701107  0.04059041 0.05904059]","[0.15867159 0.10332103 0.0701107  0.17712177 0.18450185 0.12915129
 0.17712177]","[0.42435424 0.24723247 0.10332103 0.07380074 0.04059041 0.03321033
 0.02214022 0.01476015 0.02214022 0.00369004 0.         0.00369004
 0.         0.         0.         0.00369004 0.         0.00369004
 0.         0.         0.         0.         0.         0.
 0.00369004]",2.0575953917720966,1.0327546400953278,0.0
698141415,2.267935779244348,"[0.08415842 0.05940594 0.07920792 0.03960396 0.02475248 0.01485149
 0.02475248 0.         0.         0.         0.         0.00990099
 0.01980198 0.04950495 0.10891089 0.07920792 0.04455446 0.03465347
 0.03960396 0.08415842 0.06435644 0.04950495 0.01980198 0.06930693]","[0.34158416 0.19306931 0.07920792 0.05940594 0.05445545 0.11881188
 0.15346535]","[0.4009901  0.15841584 0.12376238 0.0990099  0.05445545 0.03465347
 0.03960396 0.0049505  0.01485149 0.00990099 0.00990099 0.
 0.0049505  0.00990099 0.0049505  0.0049505  0.0049505  0.0049505
 0.         0.0049505  0.         0.         0.0049505  0.
 0.         0.         0.0049505 ]",2.7953820969433996,1.176735909606069,0.0
1749791091,4.846974192736103,"[0.05555556 0.01736111 0.         0.         0.         0.
 0.         0.00694444 0.02777778 0.03819444 0.05555556 0.05208333
 0.06944444 0.07291667 0.06944444 0.03125    0.06597222 0.03472222
 0.07291667 0.05902778 0.04861111 0.06597222 0.07638889 0.07986111]","[0.11111111 0.14930556 0.17361111 0.14930556 0.15972222 0.14930556
 0.10763889]","[0.40277778 0.27430556 0.13541667 0.07986111 0.03125    0.02777778
 0.00347222 0.01388889 0.01736111 0.00694444 0.         0.00347222
 0.00347222]",8.146001573992717,0.556350131365111,0.0
824741313,1.0003675345170358,"[0.03053435 0.02290076 0.02290076 0.03053435 0.0610687  0.11450382
 0.11450382 0.09923664 0.09160305 0.04580153 0.05343511 0.03816794
 0.02290076 0.03816794 0.03053435 0.02290076 0.03816794 0.03053435
 0.         0.         0.         0.         0.04580153 0.04580153]","[0.14503817 0.19847328 0.15267176 0.04580153 0.1221374  0.19083969
 0.14503817]","[0.22137405 0.18320611 0.17557252 0.07633588 0.08396947 0.0610687
 0.03816794 0.00763359 0.03816794 0.02290076 0.00763359 0.
 0.         0.01526718 0.00763359 0.         0.00763359 0.
 0.00763359 0.00763359 0.00763359 0.         0.         0.00763359
 0.         0.         0.         0.         0.00763359 0.00763359
 0.         0.         0.         0.         0.         0.
 0.         0.         0.         0.         0.         0.
 0.         0.         0.         0.         0.         0.
 0.         0.         0.         0.         0.         0.
 0.         0.         0.         0.         0.         0.
 0.         0.         0.         0.         0.         0.
 0.         0.         0.         0.         0.00763359]",1.09338107058905,1.968962854823361,0.0
8786749,0.2881483409824654,"[0.01119403 0.00746269 0.01119403 0.00746269 0.04850746 0.07089552
 0.10447761 0.07089552 0.00373134 0.         0.00373134 0.
 0.         0.         0.         0.         0.         0.
 0.         0.07462687 0.27238806 0.23507463 0.07089552 0.00746269]","[0.21641791 0.18656716 0.05597015 0.00746269 0.14925373 0.17164179
 0.21268657]","[0.42910448 0.22761194 0.1119403  0.09701493 0.04104478 0.02985075
 0.0261194  0.01119403 0.01119403 0.00746269 0.         0.
 0.         0.00373134 0.         0.00373134]",1.0885956770958607,1.3568521295080278,0.0
8140246566,3.137934892046067,"[0.0990099  0.05940594 0.04950495 0.05940594 0.02970297 0.04950495
 0.01980198 0.05940594 0.08910891 0.07920792 0.04950495 0.00990099
 0.         0.         0.         0.         0.         0.
 0.         0.05940594 0.0990099  0.11881188 0.02970297 0.03960396]","[0.12871287 0.05940594 0.08910891 0.16831683 0.18811881 0.18811881
 0.17821782]","[0.10891089 0.15841584 0.17821782 0.12871287 0.02970297 0.05940594
 0.03960396 0.03960396 0.03960396 0.02970297 0.00990099 0.02970297
 0.04950495 0.00990099 0.01980198 0.         0.         0.
 0.00990099 0.00990099 0.00990099 0.00990099 0.         0.00990099
 0.         0.         0.         0.         0.         0.
 0.         0.         0.00990099 0.         0.         0.
 0.         0.         0.         0.         0.00990099]",4.2999768264384715,1.926756786018206,0.0
53034376,1.6920775944818032,"[0.0037037  0.         0.         0.         0.         0.
 0.02222222 0.07777778 0.11481481 0.04814815 0.08148148 0.05555556
 0.03333333 0.02592593 0.02222222 0.02222222 0.02222222 0.06666667
 0.04444444 0.05185185 0.13703704 0.11481481 0.03333333 0.02222222]","[0.06666667 0.03333333 0.17407407 0.16666667 0.22962963 0.17407407
 0.15555556]","[0.46666667 0.23333333 0.11111111 0.05925926 0.04444444 0.02222222
 0.02592593 0.01111111 0.00740741 0.01111111 0.         0.0037037
 0.         0.0037037 ]",4.622430592419611,1.0071738488105693,0.0
487798597,0.3090790049818323,"[0.06 0.   0.   0.   0.   0.   0.   0.08 0.14 0.14 0.06 0.08 0.   0.
 0.02 0.08 0.04 0.1  0.02 0.06 0.06 0.   0.04 0.02]",[0.14 0.16 0.26 0.12 0.08 0.12 0.12],"[0.36 0.06 0.16 0.06 0.06 0.04 0.02 0.02 0.   0.02 0.06 0.   0.   0.
 0.   0.   0.   0.   0.   0.02 0.   0.   0.   0.   0.02 0.   0.   0.
 0.02 0.   0.   0.   0.   0.   0.   0.   0.   0.   0.   0.02 0.   0.
 0.   0.   0.   0.   0.   0.   0.   0.   0.   0.   0.   0.   0.   0.
 0.   0.   0.   0.   0.   0.   0.   0.   0.   0.   0.   0.   0.   0.
 0.   0.   0.   0.   0.   0.02 0.   0.   0.   0.   0.   0.   0.   0.
 0.   0.   0.   0.   0.   0.   0.   0.   0.   0.   0.   0.   0.   0.
 0.   0.   0.   0.   0.   0.   0.   0.   0.   0.   0.   0.   0.   0.
 0.   0.   0.   0.   0.   0.   0.   0.   0.   0.   0.   0.02 0.   0.
 0.   0.   0.   0.   0.02]",0.2274455267963323,3.2527028360440995,0.0
1273291262,1.4396236067888772,"[0.10822511 0.03896104 0.03030303 0.05627706 0.02597403 0.06493506
 0.04761905 0.08658009 0.02164502 0.03896104 0.03030303 0.01298701
 0.01298701 0.         0.         0.         0.01298701 0.004329
 0.01731602 0.03896104 0.06493506 0.04761905 0.13419913 0.1038961 ]","[0.14285714 0.11255411 0.03896104 0.18181818 0.12987013 0.18614719
 0.20779221]","[0.34199134 0.2987013  0.15151515 0.08225108 0.06926407 0.02164502
 0.01298701 0.         0.         0.00865801 0.         0.004329
 0.         0.00865801]",1.9110612810433512,1.816988296928001,0.0
5357949,0.8575158975477715,"[0.05309735 0.01769912 0.01769912 0.02654867 0.04424779 0.00884956
 0.         0.         0.         0.         0.         0.05309735
 0.14159292 0.15929204 0.03539823 0.03539823 0.02654867 0.00884956
 0.02654867 0.01769912 0.0619469  0.04424779 0.14159292 0.07964602]","[0.20353982 0.17699115 0.13274336 0.04424779 0.07079646 0.20353982
 0.16814159]","[0.30973451 0.15929204 0.12389381 0.10619469 0.03539823 0.05309735
 0.03539823 0.03539823 0.01769912 0.01769912 0.00884956 0.01769912
 0.         0.02654867 0.01769912 0.         0.00884956 0.
 0.         0.         0.         0.         0.         0.
 0.         0.00884956 0.         0.         0.         0.
 0.00884956 0.         0.         0.         0.         0.
 0.         0.         0.         0.         0.         0.
 0.         0.         0.00884956]",1.3292979386569024,2.1076254936193233,0.0
379364280,0.3194538205810806,"[0.04132231 0.02479339 0.         0.         0.         0.01652893
 0.04132231 0.04958678 0.01652893 0.04132231 0.03305785 0.02479339
 0.03305785 0.03305785 0.09917355 0.03305785 0.05785124 0.10743802
 0.04132231 0.07438017 0.04132231 0.0661157  0.05785124 0.0661157 ]","[0.20661157 0.11570248 0.14049587 0.09917355 0.07438017 0.19834711
 0.16528926]","[0.36363636 0.14876033 0.11570248 0.07438017 0.04132231 0.04958678
 0.05785124 0.01652893 0.00826446 0.02479339 0.00826446 0.02479339
 0.         0.01652893 0.00826446 0.         0.         0.
 0.00826446 0.         0.         0.00826446 0.00826446 0.
 0.00826446 0.         0.         0.         0.         0.
 0.         0.         0.         0.         0.         0.
 0.00826446]",0.6832807008467424,2.204332461847238,0.0
1134520908,0.6457193118602729,"[0.07446809 0.06914894 0.06382979 0.08510638 0.09042553 0.03723404
 0.04787234 0.03723404 0.0106383  0.01595745 0.         0.
 0.         0.         0.         0.         0.07446809 0.09574468
 0.10638298 0.04255319 0.04255319 0.01595745 0.04787234 0.04255319]","[0.13297872 0.03723404 0.12234043 0.17021277 0.2287234  0.17021277
 0.13829787]","[0.43085106 0.20744681 0.11170213 0.06382979 0.03191489 0.05319149
 0.04255319 0.0106383  0.0106383  0.01595745 0.00531915 0.00531915
 0.00531915 0.         0.00531915]",1.6062952107108273,1.4130327231519129,0.0
459294324,0.8576320182619928,"[0.10526316 0.08906883 0.048583   0.0242915  0.02834008 0.02834008
 0.01214575 0.         0.         0.         0.         0.
 0.01619433 0.08906883 0.05263158 0.06072874 0.06072874 0.03238866
 0.048583   0.02834008 0.09311741 0.04453441 0.06882591 0.06882591]","[0.10121457 0.09716599 0.1659919  0.19838057 0.14574899 0.1659919
 0.12550607]","[0.54251012 0.22672065 0.08502024 0.06882591 0.02024291 0.0242915
 0.00809717 0.00809717 0.00404858 0.         0.         0.00809717
 0.         0.00404858]",2.4522055348560774,0.8021956340020978,0.0
5561907303,0.5119194552809144,"[0.06857143 0.06857143 0.04571429 0.04       0.04       0.06857143
 0.03428571 0.01714286 0.00571429 0.         0.         0.00571429
 0.00571429 0.         0.04571429 0.08       0.11428571 0.03428571
 0.05714286 0.05714286 0.03428571 0.04571429 0.05142857 0.08      ]","[0.14857143 0.19428571 0.14857143 0.17142857 0.09714286 0.08
 0.16      ]","[0.49714286 0.22285714 0.07428571 0.08       0.02857143 0.01714286
 0.01142857 0.00571429 0.02285714 0.00571429 0.00571429 0.
 0.         0.         0.         0.         0.         0.00571429
 0.         0.         0.00571429 0.         0.00571429 0.00571429
 0.         0.         0.         0.         0.         0.
 0.         0.         0.         0.         0.         0.
 0.         0.         0.         0.         0.00571429]",1.041925542193333,1.3293573278499604,0.0
1366797899,0.4024805697990515,"[0.06 0.05 0.03 0.08 0.11 0.08 0.08 0.05 0.07 0.1  0.03 0.05 0.   0.
 0.   0.   0.   0.   0.02 0.04 0.02 0.05 0.06 0.02]",[0.13 0.13 0.15 0.11 0.09 0.16 0.23],"[0.29 0.22 0.07 0.07 0.05 0.04 0.06 0.05 0.03 0.04 0.02 0.01 0.02 0.
 0.01 0.   0.   0.   0.   0.   0.   0.   0.   0.   0.   0.   0.   0.
 0.   0.   0.   0.   0.   0.01 0.   0.   0.   0.   0.   0.01]",0.6080267798800199,2.3781337962190023,0.0
5719413972,0.3742118851325728,"[0.06730769 0.06730769 0.04807692 0.07692308 0.04807692 0.04807692
 0.07692308 0.03846154 0.05769231 0.03846154 0.01923077 0.01923077
 0.         0.         0.         0.         0.         0.05769231
 0.04807692 0.01923077 0.06730769 0.10576923 0.03846154 0.05769231]","[0.04807692 0.16346154 0.20192308 0.16346154 0.14423077 0.17307692
 0.10576923]","[0.33653846 0.14423077 0.17307692 0.06730769 0.06730769 0.03846154
 0.01923077 0.00961538 0.00961538 0.01923077 0.02884615 0.00961538
 0.00961538 0.         0.00961538 0.         0.01923077 0.00961538
 0.00961538 0.00961538 0.         0.         0.         0.
 0.         0.         0.         0.         0.         0.
 0.         0.         0.         0.         0.         0.
 0.         0.         0.         0.         0.         0.
 0.         0.         0.00961538]",0.6107532230799373,2.4924326369744296,0.0
17798588,0.526127689000074,"[0.05737705 0.06557377 0.04918033 0.13114754 0.04918033 0.03278689
 0.03278689 0.03278689 0.05737705 0.04098361 0.         0.04098361
 0.00819672 0.         0.         0.         0.         0.
 0.00819672 0.02459016 0.14754098 0.09836066 0.10655738 0.01639344]","[0.1147541  0.12295082 0.1147541  0.10655738 0.13114754 0.2704918
 0.13934426]","[0.33606557 0.23770492 0.10655738 0.09836066 0.01639344 0.
 0.04918033 0.05737705 0.01639344 0.02459016 0.01639344 0.
 0.         0.00819672 0.         0.         0.         0.00819672
 0.         0.01639344 0.         0.         0.         0.
 0.00819672]",0.8315191296528434,1.8749167155572444,0.0
7131310213,2.072344987875378,"[0.05607477 0.07943925 0.12149533 0.11214953 0.06542056 0.02336449
 0.02803738 0.04672897 0.03738318 0.03738318 0.04672897 0.07943925
 0.04672897 0.01401869 0.0046729  0.         0.0046729  0.
 0.         0.03738318 0.04205607 0.03738318 0.02336449 0.05607477]","[0.07943925 0.14018692 0.14018692 0.18691589 0.14953271 0.14953271
 0.15420561]","[0.53271028 0.21962617 0.10280374 0.04672897 0.04205607 0.01401869
 0.02336449 0.         0.0046729  0.00934579 0.         0.
 0.0046729 ]",3.790933366263197,0.7940163106995934,0.0
34343445,1.4983669758612908,"[0.12435233 0.06735751 0.06217617 0.03108808 0.04145078 0.02590674
 0.04663212 0.03108808 0.03626943 0.13989637 0.11398964 0.04663212
 0.03108808 0.03108808 0.01554404 0.00518135 0.         0.
 0.         0.         0.         0.         0.03626943 0.11398964]","[0.1865285  0.11917098 0.04663212 0.08290155 0.20725389 0.16580311
 0.19170984]","[0.48704663 0.24352332 0.10880829 0.05699482 0.03108808 0.01554404
 0.01554404 0.00518135 0.01554404 0.         0.00518135 0.00518135
 0.01036269]",2.4833492604760767,1.413317624364659,0.0
10589166,0.7625542276207592,"[0.07142857 0.04464286 0.05357143 0.0625     0.03571429 0.02232143
 0.06696429 0.05357143 0.09821429 0.04910714 0.04464286 0.01339286
 0.01339286 0.00892857 0.         0.01339286 0.00892857 0.02678571
 0.01785714 0.06696429 0.0625     0.05357143 0.05803571 0.05357143]","[0.20982143 0.17410714 0.09821429 0.06696429 0.10267857 0.19642857
 0.15178571]","[0.54017857 0.25       0.10714286 0.04464286 0.03125    0.
 0.00446429 0.00892857 0.01339286]",2.0120943213175404,1.0027573146123527,0.0
5650909208,0.5361059761036434,"[0.03067485 0.01226994 0.01840491 0.02453988 0.03067485 0.08588957
 0.10429448 0.08588957 0.0797546  0.14110429 0.06134969 0.04294479
 0.12269939 0.09815951 0.00613497 0.00613497 0.         0.
 0.00613497 0.00613497 0.00613497 0.01840491 0.01226994 0.        ]","[0.12883436 0.08588957 0.13496933 0.1595092  0.1595092  0.1595092
 0.17177914]","[0.51533742 0.20245399 0.07361963 0.0797546  0.01840491 0.05521472
 0.00613497 0.01226994 0.         0.01226994 0.00613497 0.
 0.         0.         0.         0.         0.00613497 0.
 0.         0.         0.         0.         0.         0.00613497
 0.         0.         0.00613497]",0.875095769523601,1.625949929261764,0.0
682392666,0.225527727463589,"[0.02564103 0.05128205 0.         0.         0.         0.
 0.         0.         0.         0.         0.15384615 0.28205128
 0.23076923 0.         0.         0.         0.         0.
 0.02564103 0.         0.         0.02564103 0.12820513 0.07692308]","[0.20512821 0.1025641  0.1025641  0.         0.02564103 0.33333333
 0.23076923]","[0.17948718 0.15384615 0.05128205 0.1025641  0.05128205 0.1025641
 0.12820513 0.05128205 0.         0.         0.02564103 0.
 0.         0.02564103 0.         0.         0.         0.
 0.02564103 0.         0.         0.         0.         0.
 0.02564103 0.         0.         0.         0.         0.
 0.         0.05128205 0.         0.         0.         0.
 0.         0.         0.         0.         0.         0.
 0.         0.         0.         0.         0.         0.
 0.         0.         0.         0.         0.         0.
 0.         0.         0.         0.         0.         0.
 0.         0.         0.         0.         0.         0.
 0.         0.         0.         0.         0.         0.
 0.         0.         0.         0.         0.         0.
 0.         0.         0.         0.         0.         0.
 0.         0.         0.         0.         0.         0.
 0.         0.         0.         0.         0.         0.
 0.         0.         0.         0.         0.         0.
 0.         0.         0.         0.         0.         0.
 0.         0.         0.         0.         0.         0.
 0.         0.         0.         0.         0.         0.
 0.         0.         0.         0.         0.         0.
 0.         0.         0.         0.         0.         0.
 0.         0.         0.         0.         0.         0.
 0.         0.         0.         0.         0.         0.
 0.         0.         0.         0.         0.         0.
 0.         0.         0.         0.         0.         0.
 0.         0.         0.         0.02564103]",0.2731420591616954,2.6318563396166277,0.0
170506767,0.7705792373397812,"[0.07594937 0.12658228 0.10759494 0.06962025 0.08227848 0.06962025
 0.06962025 0.12025316 0.05063291 0.01265823 0.00632911 0.01265823
 0.0443038  0.         0.00632911 0.         0.         0.
 0.         0.         0.00632911 0.00632911 0.06329114 0.06962025]","[0.15822785 0.20253165 0.1835443  0.16455696 0.16455696 0.03797468
 0.08860759]","[0.47468354 0.20886076 0.12658228 0.05696203 0.0443038  0.01265823
 0.03164557 0.01265823 0.00632911 0.         0.         0.00632911
 0.         0.01265823 0.         0.         0.         0.
 0.         0.         0.         0.         0.         0.
 0.         0.         0.00632911]",1.0257207652584663,1.5014046394578406,0.0
477750479,0.2385864714522305,"[0.0862069  0.05172414 0.06896552 0.03448276 0.05172414 0.
 0.01724138 0.         0.         0.         0.         0.
 0.         0.         0.01724138 0.01724138 0.05172414 0.15517241
 0.0862069  0.0862069  0.10344828 0.01724138 0.13793103 0.01724138]","[0.0862069  0.13793103 0.18965517 0.15517241 0.12068966 0.15517241
 0.15517241]","[0.37931034 0.12068966 0.06896552 0.06896552 0.0862069  0.03448276
 0.03448276 0.01724138 0.03448276 0.         0.01724138 0.01724138
 0.         0.         0.01724138 0.         0.01724138 0.01724138
 0.         0.         0.         0.01724138 0.         0.
 0.01724138 0.         0.         0.         0.         0.
 0.         0.         0.         0.         0.         0.
 0.         0.         0.         0.         0.         0.
 0.         0.         0.         0.         0.         0.
 0.         0.         0.         0.         0.         0.
 0.         0.         0.         0.         0.         0.
 0.         0.         0.         0.         0.         0.01724138
 0.         0.         0.         0.         0.         0.
 0.         0.         0.         0.         0.         0.
 0.         0.         0.         0.01724138]",0.3355140734248653,2.512862570745648,0.0
955992174,1.0063577329752331,"[0.03804348 0.07608696 0.04347826 0.02717391 0.02173913 0.02173913
 0.03804348 0.00543478 0.00543478 0.01086957 0.00543478 0.02173913
 0.01630435 0.03804348 0.02717391 0.10326087 0.05978261 0.06521739
 0.04891304 0.07065217 0.10326087 0.04347826 0.05978261 0.04891304]","[0.11956522 0.18478261 0.1576087  0.16847826 0.16847826 0.11956522
 0.08152174]","[0.45652174 0.26086957 0.11956522 0.0923913  0.0326087  0.01086957
 0.         0.01086957 0.01086957 0.         0.         0.
 0.         0.         0.         0.00543478]",1.412120971483375,1.5353881910267926,0.0
11645192,0.5888270353674405,"[0.24444444 0.02222222 0.06666667 0.02222222 0.02222222 0.
 0.         0.         0.         0.02222222 0.17777778 0.08888889
 0.08888889 0.02222222 0.02222222 0.         0.         0.02222222
 0.         0.         0.         0.         0.         0.17777778]","[0.22222222 0.17777778 0.24444444 0.22222222 0.02222222 0.02222222
 0.08888889]","[0.13333333 0.06666667 0.15555556 0.08888889 0.         0.08888889
 0.08888889 0.02222222 0.06666667 0.02222222 0.02222222 0.02222222
 0.02222222 0.04444444 0.         0.02222222 0.02222222 0.
 0.         0.         0.         0.         0.02222222 0.
 0.         0.         0.02222222 0.         0.         0.02222222
 0.         0.02222222 0.         0.         0.         0.02222222]",0.8221159335710027,2.603932281325923,0.0
405690380,0.4330746915036703,"[0.02197802 0.02747253 0.02197802 0.01648352 0.00549451 0.00549451
 0.00549451 0.         0.         0.         0.         0.
 0.02747253 0.0989011  0.17032967 0.1043956  0.02197802 0.04945055
 0.03846154 0.06593407 0.1043956  0.0989011  0.04945055 0.06593407]","[0.20879121 0.23626374 0.14835165 0.15934066 0.15384615 0.04945055
 0.04395604]","[0.55494505 0.1978022  0.1043956  0.05494505 0.02197802 0.02747253
 0.00549451 0.01098901 0.00549451 0.         0.00549451 0.
 0.00549451 0.00549451]",1.366869309041912,1.0930071902282537,0.0
1992063859,0.4812019511509744,"[0.09195402 0.06896552 0.05747126 0.08045977 0.06896552 0.05747126
 0.05747126 0.05747126 0.02298851 0.03448276 0.03448276 0.03448276
 0.01149425 0.02298851 0.         0.         0.         0.
 0.         0.         0.01149425 0.06896552 0.05747126 0.16091954]","[0.10344828 0.03448276 0.2183908  0.16091954 0.17241379 0.17241379
 0.13793103]","[0.4137931  0.16091954 0.10344828 0.05747126 0.01149425 0.06896552
 0.01149425 0.08045977 0.         0.01149425 0.01149425 0.
 0.         0.         0.02298851 0.01149425 0.01149425 0.01149425
 0.         0.         0.         0.         0.         0.
 0.         0.         0.         0.         0.         0.
 0.         0.         0.         0.         0.         0.
 0.         0.         0.         0.         0.         0.
 0.         0.01149425]",0.6554236821655529,1.875824175187645,0.0
1091197048,1.054686612097066,"[0.01550388 0.00775194 0.         0.         0.         0.04651163
 0.09302326 0.09302326 0.1627907  0.06976744 0.05426357 0.01550388
 0.01550388 0.03875969 0.03100775 0.         0.03100775 0.06976744
 0.07751938 0.02325581 0.03875969 0.05426357 0.03100775 0.03100775]","[0.0620155  0.0620155  0.14728682 0.18604651 0.18604651 0.17829457
 0.17829457]","[0.41085271 0.20155039 0.14728682 0.10852713 0.03100775 0.03100775
 0.01550388 0.00775194 0.02325581 0.         0.         0.
 0.00775194 0.         0.         0.         0.         0.00775194
 0.00775194]",2.183748812458949,1.2067897159482075,0.0
36162471,0.3407383738804819,"[0.05063291 0.06329114 0.01265823 0.01265823 0.01265823 0.01265823
 0.01265823 0.         0.         0.         0.         0.
 0.02531646 0.03797468 0.12658228 0.06329114 0.07594937 0.06329114
 0.07594937 0.03797468 0.12658228 0.10126582 0.06329114 0.02531646]","[0.26582278 0.16455696 0.06329114 0.03797468 0.12658228 0.02531646
 0.3164557 ]","[0.25316456 0.18987342 0.16455696 0.12658228 0.05063291 0.02531646
 0.07594937 0.01265823 0.01265823 0.01265823 0.         0.
 0.01265823 0.01265823 0.         0.         0.         0.01265823
 0.         0.         0.         0.         0.         0.
 0.         0.01265823 0.01265823 0.         0.         0.
 0.         0.         0.01265823]",0.4224683201812446,2.578264923157927,0.0
7678561,0.7915114066046247,"[0.12582781 0.10596026 0.06622517 0.0397351  0.06622517 0.0397351
 0.07284768 0.0397351  0.01324503 0.01324503 0.         0.
 0.         0.         0.         0.         0.         0.0397351
 0.04635762 0.03311258 0.01986755 0.05298013 0.07284768 0.15231788]","[0.11258278 0.0794702  0.12582781 0.2384106  0.1192053  0.12582781
 0.1986755 ]","[0.52317881 0.1986755  0.12582781 0.05960265 0.02649007 0.01986755
 0.         0.01324503 0.00662252 0.01324503 0.         0.
 0.         0.01324503]",1.179445971847722,1.215875970418687,0.0
992184863,1.0693779634441012,"[0.04081633 0.04081633 0.03061224 0.01020408 0.01020408 0.01020408
 0.01020408 0.         0.         0.         0.         0.
 0.         0.         0.         0.02040816 0.17346939 0.18367347
 0.07142857 0.10204082 0.13265306 0.07142857 0.04081633 0.05102041]","[0.16326531 0.15306122 0.17346939 0.18367347 0.06122449 0.07142857
 0.19387755]","[0.31632653 0.25510204 0.12244898 0.07142857 0.06122449 0.03061224
 0.03061224 0.03061224 0.01020408 0.03061224 0.         0.
 0.01020408 0.         0.03061224]",1.0888970308107646,1.7053398956543204,0.0
60698745,0.2420894100966533,"[0.07692308 0.         0.07692308 0.         0.         0.
 0.07692308 0.07692308 0.         0.15384615 0.15384615 0.
 0.         0.         0.         0.         0.         0.
 0.         0.23076923 0.         0.07692308 0.         0.07692308]","[0.23076923 0.15384615 0.07692308 0.07692308 0.07692308 0.30769231
 0.07692308]","[0.15384615 0.         0.         0.         0.07692308 0.07692308
 0.07692308 0.07692308 0.07692308 0.         0.         0.
 0.         0.07692308 0.07692308 0.         0.         0.
 0.         0.         0.         0.         0.         0.
 0.         0.         0.         0.         0.07692308 0.
 0.         0.         0.         0.         0.         0.
 0.         0.         0.         0.         0.         0.
 0.         0.         0.         0.         0.         0.
 0.         0.         0.         0.         0.         0.
 0.         0.         0.         0.         0.         0.
 0.         0.         0.         0.         0.         0.
 0.         0.         0.         0.         0.07692308 0.07692308
 0.         0.         0.         0.         0.         0.
 0.         0.         0.         0.         0.         0.
 0.         0.         0.         0.         0.         0.
 0.         0.         0.         0.         0.         0.07692308]",0.2574797804164855,2.2738508361896317,0.0
6143220349,2.1880689979402246,"[0.20652174 0.13043478 0.10869565 0.04347826 0.05434783 0.01086957
 0.         0.         0.         0.         0.         0.
 0.         0.01086957 0.         0.04347826 0.01086957 0.04347826
 0.01086957 0.0326087  0.04347826 0.07608696 0.06521739 0.10869565]","[0.15217391 0.09782609 0.09782609 0.13043478 0.2173913  0.14130435
 0.16304348]","[0.40217391 0.20652174 0.08695652 0.08695652 0.0326087  0.02173913
 0.02173913 0.05434783 0.02173913 0.         0.01086957 0.
 0.02173913 0.         0.01086957 0.         0.         0.
 0.         0.01086957 0.         0.         0.         0.01086957]",4.501872503419795,1.2345724018850304,0.0
7158812927,0.8691992056872606,"[0.06617647 0.08088235 0.05882353 0.05882353 0.05882353 0.02205882
 0.01470588 0.         0.01470588 0.         0.         0.00735294
 0.05882353 0.07352941 0.07352941 0.01470588 0.02941176 0.02205882
 0.01470588 0.08088235 0.06617647 0.08088235 0.03676471 0.06617647]","[0.16176471 0.14705882 0.08823529 0.05882353 0.17647059 0.15441176
 0.21323529]","[0.47794118 0.22794118 0.09558824 0.09558824 0.02205882 0.02941176
 0.00735294 0.01470588 0.01470588 0.00735294 0.         0.
 0.         0.         0.00735294]",1.7631752726054848,1.2362966676878198,0.0
5213718005,0.3108467755891097,"[0.05128205 0.03846154 0.02564103 0.06410256 0.07692308 0.02564103
 0.01282051 0.         0.         0.         0.         0.
 0.         0.         0.08974359 0.02564103 0.02564103 0.03846154
 0.06410256 0.12820513 0.1025641  0.12820513 0.06410256 0.03846154]","[0.11538462 0.07692308 0.17948718 0.17948718 0.16666667 0.12820513
 0.15384615]","[0.43589744 0.19230769 0.06410256 0.08974359 0.03846154 0.02564103
 0.02564103 0.01282051 0.         0.02564103 0.02564103 0.01282051
 0.01282051 0.         0.         0.         0.         0.01282051
 0.         0.         0.         0.         0.         0.
 0.         0.         0.         0.         0.         0.
 0.         0.         0.         0.         0.         0.01282051
 0.         0.         0.         0.         0.         0.
 0.01282051]",0.4672271608510894,2.1751113519629164,0.0
918047169,0.3938212636872832,"[0.14583333 0.03125    0.04166667 0.01041667 0.01041667 0.
 0.         0.         0.         0.         0.         0.01041667
 0.01041667 0.01041667 0.07291667 0.0625     0.04166667 0.03125
 0.0625     0.04166667 0.10416667 0.13541667 0.0625     0.11458333]","[0.27083333 0.05208333 0.04166667 0.15625    0.13541667 0.15625
 0.1875    ]","[0.40625    0.21875    0.13541667 0.04166667 0.05208333 0.05208333
 0.         0.01041667 0.01041667 0.01041667 0.01041667 0.
 0.01041667 0.         0.         0.         0.01041667 0.
 0.02083333 0.         0.01041667]",0.8125828640111491,1.9516897956871144,0.0
306285804,0.047240191715564,"[0.17647059 0.17647059 0.         0.         0.         0.
 0.         0.17647059 0.         0.05882353 0.05882353 0.
 0.         0.         0.         0.         0.         0.
 0.05882353 0.11764706 0.05882353 0.         0.11764706 0.        ]","[0.17647059 0.11764706 0.17647059 0.17647059 0.         0.23529412
 0.11764706]","[0.23529412 0.         0.11764706 0.11764706 0.         0.
 0.         0.         0.         0.05882353 0.         0.05882353
 0.         0.         0.         0.         0.         0.
 0.         0.         0.         0.         0.         0.
 0.05882353 0.         0.         0.05882353 0.05882353 0.
 0.         0.05882353 0.05882353 0.         0.         0.
 0.         0.         0.         0.         0.         0.
 0.         0.         0.         0.         0.         0.
 0.         0.05882353 0.         0.         0.         0.
 0.         0.         0.         0.         0.         0.
 0.         0.         0.         0.         0.         0.
 0.         0.         0.         0.         0.         0.
 0.         0.         0.         0.         0.         0.05882353]",0.0559718186770679,4.620810582461449,0.0
493725029,0.0945744706403101,"[0.12121212 0.03030303 0.12121212 0.10606061 0.06060606 0.01515152
 0.         0.         0.         0.         0.         0.
 0.01515152 0.03030303 0.04545455 0.07575758 0.03030303 0.01515152
 0.01515152 0.06060606 0.04545455 0.04545455 0.03030303 0.13636364]","[0.1969697  0.04545455 0.09090909 0.12121212 0.15151515 0.21212121
 0.18181818]","[0.37878788 0.22727273 0.10606061 0.06060606 0.03030303 0.04545455
 0.01515152 0.         0.03030303 0.03030303 0.         0.
 0.         0.01515152 0.         0.         0.         0.
 0.         0.         0.         0.         0.         0.
 0.         0.01515152 0.         0.         0.         0.
 0.01515152 0.01515152 0.         0.         0.         0.
 0.         0.         0.         0.         0.         0.
 0.01515152]",0.1792804117919718,2.314956027134358,0.0
940028943,0.4240872472933926,"[0.22222222 0.07407407 0.03703704 0.01851852 0.07407407 0.05555556
 0.07407407 0.03703704 0.07407407 0.03703704 0.01851852 0.01851852
 0.03703704 0.         0.         0.         0.         0.
 0.         0.01851852 0.01851852 0.05555556 0.05555556 0.07407407]","[0.14814815 0.18518519 0.18518519 0.11111111 0.05555556 0.12962963
 0.18518519]","[0.38888889 0.2037037  0.05555556 0.01851852 0.09259259 0.01851852
 0.05555556 0.01851852 0.         0.03703704 0.03703704 0.
 0.         0.         0.         0.         0.         0.
 0.         0.01851852 0.         0.         0.         0.01851852
 0.         0.         0.         0.         0.         0.
 0.         0.01851852 0.         0.         0.         0.
 0.         0.         0.         0.         0.         0.
 0.         0.         0.         0.         0.         0.
 0.         0.         0.         0.         0.         0.
 0.         0.         0.         0.         0.         0.
 0.         0.         0.         0.         0.         0.
 0.         0.         0.01851852]",0.8382145684747221,2.1820562419934024,0.0
1843524645,0.8197615817102147,"[0.08108108 0.02702703 0.05405405 0.13513514 0.         0.08108108
 0.         0.         0.02702703 0.         0.         0.
 0.05405405 0.02702703 0.05405405 0.10810811 0.02702703 0.05405405
 0.10810811 0.05405405 0.02702703 0.02702703 0.05405405 0.        ]","[0.13513514 0.2972973  0.13513514 0.08108108 0.10810811 0.13513514
 0.10810811]","[0.37837838 0.21621622 0.08108108 0.02702703 0.         0.
 0.02702703 0.02702703 0.         0.         0.05405405 0.
 0.05405405 0.         0.         0.         0.         0.
 0.         0.         0.02702703 0.02702703 0.         0.
 0.         0.         0.         0.         0.         0.
 0.         0.         0.         0.         0.         0.
 0.         0.         0.         0.         0.         0.
 0.         0.         0.         0.         0.         0.
 0.02702703 0.         0.02702703 0.         0.02702703]",0.6527193562575183,3.0149101099560225,0.0
323949554,0.3516108113510337,"[0.04651163 0.02325581 0.00775194 0.03100775 0.00775194 0.02325581
 0.         0.         0.00775194 0.         0.00775194 0.01550388
 0.03875969 0.08527132 0.09302326 0.06976744 0.06976744 0.08527132
 0.08527132 0.0620155  0.09302326 0.06976744 0.03100775 0.04651163]","[0.19379845 0.0620155  0.08527132 0.17829457 0.15503876 0.17829457
 0.14728682]","[0.48837209 0.24806202 0.09302326 0.03875969 0.00775194 0.05426357
 0.04651163 0.01550388 0.         0.         0.         0.
 0.00775194]",1.0579961263817943,1.4732144880998863,0.0
5243504410,0.2633526688125085,"[0.16216216 0.18018018 0.03603604 0.01801802 0.04504505 0.03603604
 0.02702703 0.03603604 0.01801802 0.02702703 0.         0.03603604
 0.13513514 0.07207207 0.03603604 0.00900901 0.         0.
 0.         0.         0.         0.         0.00900901 0.11711712]","[0.33333333 0.1981982  0.13513514 0.1981982  0.02702703 0.
 0.10810811]","[0.45045045 0.24324324 0.09009009 0.0990991  0.01801802 0.02702703
 0.         0.01801802 0.         0.00900901 0.         0.02702703
 0.00900901 0.         0.         0.         0.00900901]",0.5330870504532706,1.5871374968417022,0.0
1804940128,0.2038605178972132,"[0.06315789 0.01052632 0.02105263 0.01052632 0.01052632 0.
 0.         0.         0.         0.01052632 0.04210526 0.06315789
 0.08421053 0.08421053 0.02105263 0.05263158 0.03157895 0.08421053
 0.07368421 0.04210526 0.03157895 0.09473684 0.10526316 0.06315789]","[0.14736842 0.17894737 0.14736842 0.22105263 0.04210526 0.06315789
 0.2       ]","[0.48421053 0.14736842 0.10526316 0.07368421 0.01052632 0.02105263
 0.02105263 0.04210526 0.04210526 0.02105263 0.         0.01052632
 0.         0.         0.         0.01052632 0.         0.
 0.01052632]",0.569072958697135,1.760279775617262,0.0
113270516,0.1884220494155947,"[0.15909091 0.02272727 0.04545455 0.04545455 0.02272727 0.02272727
 0.02272727 0.09090909 0.04545455 0.04545455 0.06818182 0.13636364
 0.04545455 0.         0.         0.         0.         0.
 0.         0.         0.         0.         0.02272727 0.20454545]","[0.18181818 0.06818182 0.09090909 0.15909091 0.20454545 0.18181818
 0.11363636]","[0.38636364 0.11363636 0.04545455 0.13636364 0.02272727 0.09090909
 0.02272727 0.02272727 0.02272727 0.         0.02272727 0.02272727
 0.         0.         0.02272727 0.         0.         0.
 0.         0.         0.02272727 0.         0.         0.
 0.         0.         0.         0.         0.         0.
 0.         0.         0.02272727 0.         0.         0.
 0.         0.         0.         0.         0.         0.
 0.         0.         0.         0.         0.         0.
 0.         0.         0.         0.         0.         0.
 0.         0.         0.         0.         0.         0.
 0.         0.         0.         0.         0.         0.
 0.         0.         0.         0.         0.         0.
 0.         0.         0.         0.         0.         0.
 0.         0.         0.         0.         0.         0.
 0.         0.         0.         0.         0.         0.
 0.02272727]",0.265472339089517,2.8267053114966223,0.0
78947024,1.393587884646361,"[0.10084034 0.10084034 0.02521008 0.01680672 0.         0.00840336
 0.         0.         0.         0.         0.00840336 0.03361345
 0.00840336 0.07563025 0.11764706 0.1512605  0.07563025 0.05882353
 0.04201681 0.03361345 0.01680672 0.01680672 0.         0.1092437 ]","[0.19327731 0.19327731 0.17647059 0.03361345 0.01680672 0.17647059
 0.21008403]","[0.42016807 0.27731092 0.12605042 0.05042017 0.05882353 0.01680672
 0.00840336 0.00840336 0.01680672 0.         0.00840336 0.
 0.         0.         0.         0.00840336]",2.431565758313894,1.1340997944398643,0.0
971944110,0.6416472932580647,"[0.21259843 0.13385827 0.03149606 0.01574803 0.04724409 0.01574803
 0.         0.02362205 0.03149606 0.1023622  0.13385827 0.12598425
 0.00787402 0.00787402 0.01574803 0.         0.         0.
 0.         0.         0.         0.         0.00787402 0.08661417]","[0.16535433 0.11811024 0.14173228 0.1023622  0.15748031 0.09448819
 0.22047244]","[0.49606299 0.21259843 0.14173228 0.05511811 0.01574803 0.03149606
 0.01574803 0.         0.         0.02362205 0.00787402]",1.099407951207045,1.4521859144872675,0.0
5509359,0.1173375358316909,"[0.10119048 0.07738095 0.03571429 0.0297619  0.04166667 0.05357143
 0.06547619 0.07738095 0.02380952 0.         0.00595238 0.
 0.         0.         0.         0.00595238 0.0297619  0.05357143
 0.125      0.10119048 0.04761905 0.07142857 0.00595238 0.04761905]","[0.1547619  0.10714286 0.0952381  0.08928571 0.21428571 0.18452381
 0.1547619 ]","[0.60714286 0.23214286 0.08928571 0.04166667 0.01785714 0.00595238
 0.         0.00595238]",0.4567159240024026,0.7969904078281583,0.0
5466357,0.6154694010135097,"[0.03921569 0.00980392 0.06862745 0.02941176 0.00980392 0.
 0.         0.         0.         0.03921569 0.11764706 0.04901961
 0.10784314 0.06862745 0.01960784 0.07843137 0.05882353 0.00980392
 0.02941176 0.05882353 0.02941176 0.06862745 0.06862745 0.03921569]","[0.12745098 0.1372549  0.09803922 0.04901961 0.10784314 0.08823529
 0.39215686]","[0.51960784 0.17647059 0.09803922 0.04901961 0.06862745 0.01960784
 0.00980392 0.00980392 0.         0.00980392 0.         0.00980392
 0.00980392 0.00980392 0.         0.         0.         0.
 0.         0.         0.         0.00980392]",1.3766840694437958,1.4352128682107417,0.0
1650892973,0.4255040234844096,"[0.14649682 0.0955414  0.01273885 0.03184713 0.03184713 0.04458599
 0.06369427 0.05095541 0.         0.         0.         0.
 0.         0.         0.05732484 0.10828025 0.01910828 0.03184713
 0.07643312 0.02547771 0.01273885 0.01910828 0.08917197 0.08280255]","[0.06369427 0.04458599 0.07643312 0.11464968 0.18471338 0.25477707
 0.2611465 ]","[0.55414013 0.32484076 0.05732484 0.02547771 0.01910828 0.01273885
 0.         0.00636943]",1.4073571887858738,1.3858013236449511,0.0
1116199691,0.3547846654183508,"[0.05172414 0.05172414 0.0862069  0.0862069  0.10344828 0.06896552
 0.05172414 0.14655172 0.11206897 0.02586207 0.00862069 0.01724138
 0.02586207 0.11206897 0.02586207 0.00862069 0.00862069 0.00862069
 0.         0.         0.         0.         0.         0.        ]","[0.18965517 0.18103448 0.20689655 0.18103448 0.         0.01724138
 0.22413793]","[0.43103448 0.31896552 0.10344828 0.03448276 0.03448276 0.02586207
 0.02586207 0.00862069 0.00862069 0.         0.         0.
 0.00862069]",0.4932238351785041,1.672248772596363,0.0
24073122,0.9188556843560564,"[0.08333333 0.05555556 0.05555556 0.08333333 0.08333333 0.02777778
 0.02777778 0.05555556 0.08333333 0.02777778 0.05555556 0.05555556
 0.02777778 0.02777778 0.05555556 0.         0.         0.02777778
 0.         0.         0.         0.08333333 0.05555556 0.02777778]","[0.22222222 0.19444444 0.22222222 0.16666667 0.02777778 0.05555556
 0.11111111]","[0.25       0.13888889 0.05555556 0.16666667 0.05555556 0.05555556
 0.05555556 0.05555556 0.         0.         0.02777778 0.02777778
 0.         0.         0.         0.         0.         0.
 0.         0.         0.         0.02777778 0.         0.
 0.         0.         0.         0.         0.         0.
 0.         0.02777778 0.         0.         0.         0.
 0.         0.         0.         0.         0.         0.02777778
 0.         0.02777778]",0.8928270469907806,2.2148297678540385,0.0
796822496,0.3355736689070098,"[0.18181818 0.02272727 0.03409091 0.04545455 0.05681818 0.01136364
 0.06818182 0.10227273 0.07954545 0.02272727 0.         0.05681818
 0.01136364 0.         0.         0.         0.         0.
 0.         0.         0.         0.         0.06818182 0.23863636]","[0.13636364 0.125      0.         0.09090909 0.20454545 0.19318182
 0.25      ]","[0.42045455 0.20454545 0.125      0.09090909 0.02272727 0.03409091
 0.02272727 0.04545455 0.01136364 0.         0.         0.
 0.         0.         0.         0.         0.01136364 0.
 0.         0.         0.         0.         0.         0.
 0.         0.01136364]",0.7521484762889667,2.055927896992272,0.0
421111386,0.5918925892012532,"[0.23214286 0.01785714 0.         0.         0.         0.03571429
 0.08928571 0.25       0.01785714 0.03571429 0.         0.
 0.         0.         0.         0.         0.         0.
 0.         0.03571429 0.01785714 0.07142857 0.10714286 0.08928571]","[0.07142857 0.05357143 0.19642857 0.17857143 0.19642857 0.14285714
 0.16071429]","[0.26785714 0.19642857 0.125      0.10714286 0.08928571 0.03571429
 0.05357143 0.         0.         0.         0.03571429 0.01785714
 0.         0.01785714 0.         0.01785714 0.01785714 0.
 0.         0.         0.         0.         0.         0.
 0.         0.         0.         0.         0.         0.01785714]",0.7363747899996456,2.109249080462342,0.0
151295941,0.0812848431967115,"[0.0625 0.0625 0.125  0.     0.     0.     0.     0.     0.     0.
 0.     0.     0.     0.1875 0.125  0.0625 0.0625 0.     0.     0.
 0.0625 0.0625 0.125  0.0625]",[0.5    0.125  0.125  0.0625 0.125  0.0625 0.    ],"[0.125  0.1875 0.125  0.0625 0.     0.     0.0625 0.     0.0625 0.
 0.125  0.     0.     0.     0.     0.0625 0.     0.     0.     0.
 0.     0.     0.0625 0.     0.     0.     0.     0.     0.0625 0.
 0.     0.     0.     0.     0.     0.     0.     0.     0.     0.
 0.     0.     0.     0.     0.     0.     0.     0.     0.     0.
 0.     0.     0.     0.     0.     0.     0.     0.     0.     0.
 0.     0.     0.     0.     0.     0.     0.     0.     0.     0.
 0.     0.     0.     0.     0.     0.     0.     0.     0.     0.
 0.     0.     0.     0.     0.     0.     0.     0.     0.     0.
 0.     0.     0.     0.     0.     0.     0.     0.     0.     0.
 0.     0.     0.     0.     0.     0.     0.     0.     0.     0.
 0.     0.     0.     0.     0.     0.     0.     0.     0.     0.
 0.     0.     0.     0.     0.0625]",0.0694314929866823,4.0275468804758985,0.0
757220821,0.2131108501160934,"[0.09090909 0.07575758 0.07575758 0.06060606 0.01515152 0.
 0.         0.         0.         0.         0.01515152 0.04545455
 0.06060606 0.03030303 0.09090909 0.03030303 0.04545455 0.04545455
 0.07575758 0.07575758 0.07575758 0.03030303 0.04545455 0.01515152]","[0.1969697  0.04545455 0.09090909 0.1969697  0.18181818 0.12121212
 0.16666667]","[0.3030303  0.25757576 0.12121212 0.15151515 0.03030303 0.01515152
 0.01515152 0.01515152 0.03030303 0.         0.         0.
 0.         0.         0.03030303 0.01515152 0.         0.
 0.         0.         0.         0.         0.         0.
 0.         0.         0.         0.01515152]",0.3557728201661926,1.663227907684638,0.0
1112893379,0.2047570118612111,"[0.06060606 0.         0.         0.         0.         0.
 0.         0.         0.         0.01515152 0.04545455 0.01515152
 0.01515152 0.07575758 0.04545455 0.07575758 0.06060606 0.06060606
 0.07575758 0.07575758 0.07575758 0.09090909 0.10606061 0.10606061]","[0.12121212 0.18181818 0.07575758 0.13636364 0.12121212 0.13636364
 0.22727273]","[0.27272727 0.3030303  0.10606061 0.06060606 0.12121212 0.06060606
 0.03030303 0.         0.         0.01515152 0.         0.
 0.         0.         0.         0.         0.         0.
 0.         0.         0.01515152 0.         0.         0.
 0.         0.         0.         0.         0.         0.01515152]",0.2887873706399984,2.092549584395157,0.0
141573406,0.2989310517538978,"[0.18666667 0.06666667 0.04       0.         0.04       0.01333333
 0.         0.         0.         0.         0.         0.
 0.         0.         0.02666667 0.22666667 0.10666667 0.06666667
 0.01333333 0.01333333 0.04       0.05333333 0.02666667 0.08      ]","[0.22666667 0.10666667 0.17333333 0.16       0.22666667 0.06666667
 0.04      ]","[0.22666667 0.33333333 0.16       0.06666667 0.06666667 0.08
 0.01333333 0.02666667 0.01333333 0.         0.         0.
 0.         0.         0.         0.01333333]",0.3432174797030482,1.932461895716426,0.0
208898676,0.196895643723521,"[0.0326087  0.05434783 0.02173913 0.10869565 0.08695652 0.06521739
 0.06521739 0.09782609 0.04347826 0.07608696 0.07608696 0.05434783
 0.08695652 0.06521739 0.         0.         0.         0.
 0.         0.         0.         0.02173913 0.02173913 0.02173913]","[0.16304348 0.17391304 0.16304348 0.09782609 0.16304348 0.09782609
 0.14130435]","[0.43478261 0.19565217 0.14130435 0.07608696 0.08695652 0.02173913
 0.01086957 0.01086957 0.01086957 0.         0.01086957]",0.2877202263322997,2.114438024087394,0.0
916455559,1.784129791584444,"[0.0483871  0.06451613 0.09677419 0.08064516 0.06451613 0.08064516
 0.01612903 0.01612903 0.06451613 0.09677419 0.06451613 0.03225806
 0.0483871  0.01612903 0.         0.         0.         0.
 0.         0.         0.01612903 0.14516129 0.01612903 0.03225806]","[0.14516129 0.19354839 0.14516129 0.14516129 0.27419355 0.0483871
 0.0483871 ]","[0.43548387 0.24193548 0.11290323 0.0483871  0.         0.03225806
 0.         0.03225806 0.01612903 0.         0.01612903 0.01612903
 0.         0.         0.         0.         0.         0.
 0.01612903 0.         0.01612903 0.         0.         0.
 0.         0.         0.         0.         0.         0.
 0.         0.         0.         0.         0.         0.
 0.         0.         0.01612903]",1.475631978857838,1.634729071898697,0.0
703436397,2.133459760578418,"[0.09615385 0.         0.03846154 0.01923077 0.01923077 0.
 0.05769231 0.01923077 0.01923077 0.03846154 0.03846154 0.11538462
 0.05769231 0.11538462 0.03846154 0.03846154 0.         0.
 0.         0.         0.         0.         0.05769231 0.23076923]","[0.25       0.26923077 0.11538462 0.         0.11538462 0.17307692
 0.07692308]","[0.30769231 0.25       0.05769231 0.05769231 0.05769231 0.03846154
 0.03846154 0.03846154 0.         0.         0.07692308 0.
 0.01923077 0.         0.01923077 0.01923077 0.         0.
 0.01923077]",3.081138227105211,1.466085505144629,0.0
5657126860,1.542993960055556,"[0.05343511 0.04580153 0.04580153 0.02290076 0.01526718 0.01526718
 0.0610687  0.         0.         0.         0.         0.
 0.         0.         0.1221374  0.12977099 0.04580153 0.04580153
 0.01526718 0.06870229 0.10687023 0.09923664 0.09160305 0.01526718]","[0.19083969 0.10687023 0.0610687  0.11450382 0.19083969 0.15267176
 0.18320611]","[0.60305344 0.2519084  0.06870229 0.05343511 0.01526718 0.
 0.         0.00763359]",4.681764319735486,0.9063398719784832,0.0
4122598,0.2028519069399169,"[0.08653846 0.02884615 0.         0.         0.         0.
 0.         0.         0.         0.02884615 0.01923077 0.05769231
 0.06730769 0.08653846 0.07692308 0.08653846 0.04807692 0.04807692
 0.01923077 0.06730769 0.10576923 0.04807692 0.08653846 0.03846154]","[0.07692308 0.10576923 0.18269231 0.17307692 0.13461538 0.14423077
 0.18269231]","[0.55769231 0.20192308 0.06730769 0.04807692 0.07692308 0.01923077
 0.01923077 0.00961538]",0.4966087585592674,1.6251547608453702,0.0
92800970,0.1704178025740196,"[0.06122449 0.02040816 0.02040816 0.         0.         0.
 0.         0.         0.01020408 0.01020408 0.03061224 0.07142857
 0.06122449 0.06122449 0.06122449 0.10204082 0.03061224 0.04081633
 0.03061224 0.09183673 0.04081633 0.13265306 0.04081633 0.08163265]","[0.18367347 0.05102041 0.16326531 0.18367347 0.05102041 0.19387755
 0.17346939]","[0.52040816 0.26530612 0.08163265 0.06122449 0.02040816 0.01020408
 0.         0.         0.         0.02040816 0.01020408 0.01020408]",0.6853427055792232,1.272147004339973,0.0
1682470043,0.4620355995577233,"[0.078125 0.078125 0.09375  0.015625 0.015625 0.03125  0.03125  0.03125
 0.       0.       0.       0.       0.       0.       0.       0.
 0.03125  0.25     0.125    0.125    0.       0.03125  0.03125  0.03125 ]",[0.1875   0.125    0.125    0.078125 0.203125 0.140625 0.140625],"[0.390625 0.203125 0.109375 0.046875 0.09375  0.046875 0.       0.03125
 0.03125  0.015625 0.015625 0.015625]",0.5944125204648338,2.1156284759033417,0.0
6111348138,2.334718378366137,"[0.00909091 0.01818182 0.         0.         0.         0.
 0.         0.01818182 0.02727273 0.08181818 0.10909091 0.04545455
 0.12727273 0.14545455 0.05454545 0.05454545 0.09090909 0.06363636
 0.02727273 0.03636364 0.01818182 0.00909091 0.03636364 0.02727273]","[0.21818182 0.20909091 0.2        0.04545455 0.03636364 0.18181818
 0.10909091]","[0.64545455 0.16363636 0.1        0.03636364 0.02727273 0.00909091
 0.         0.         0.00909091 0.00909091]",9.224536090193244,0.9708985838014224,0.0
141454604,0.0785042571425625,"[0.03636364 0.07272727 0.10909091 0.03636364 0.05454545 0.01818182
 0.07272727 0.05454545 0.03636364 0.         0.         0.
 0.         0.         0.         0.         0.07272727 0.23636364
 0.12727273 0.01818182 0.01818182 0.         0.01818182 0.01818182]","[0.29090909 0.21818182 0.09090909 0.         0.12727273 0.16363636
 0.10909091]","[0.36363636 0.18181818 0.10909091 0.07272727 0.05454545 0.07272727
 0.03636364 0.01818182 0.01818182 0.01818182 0.01818182 0.
 0.01818182 0.         0.         0.         0.01818182]",0.1837618466355249,2.5445669721015487,0.0
91366438,0.5356339651448857,"[0.0952381  0.0952381  0.07936508 0.03174603 0.         0.01587302
 0.         0.         0.         0.         0.         0.
 0.03174603 0.03174603 0.20634921 0.15873016 0.01587302 0.
 0.         0.07936508 0.03174603 0.0952381  0.01587302 0.01587302]","[0.12698413 0.12698413 0.14285714 0.12698413 0.17460317 0.20634921
 0.0952381 ]","[0.3968254  0.22222222 0.11111111 0.07936508 0.01587302 0.11111111
 0.01587302 0.         0.01587302 0.         0.         0.
 0.01587302 0.         0.         0.         0.         0.
 0.         0.         0.         0.         0.01587302]",1.10912332118488,1.4022141783085336,0.0
5165867618,1.1989107241797992,"[0.05   0.075  0.05   0.0875 0.1125 0.025  0.0375 0.     0.0125 0.0125
 0.     0.     0.     0.     0.     0.0125 0.05   0.1375 0.1125 0.0375
 0.0375 0.0625 0.0625 0.025 ]",[0.2    0.1    0.15   0.0875 0.175  0.15   0.1375],"[0.525  0.1875 0.075  0.075  0.075  0.     0.     0.0125 0.0125 0.0125
 0.025 ]",0.9753483644036472,1.2331903840659664,0.0
978893033,0.142894379765833,"[0.11111111 0.19444444 0.13888889 0.08333333 0.         0.11111111
 0.         0.         0.02777778 0.         0.         0.
 0.         0.         0.02777778 0.02777778 0.08333333 0.
 0.         0.02777778 0.05555556 0.05555556 0.02777778 0.02777778]","[0.19444444 0.36111111 0.08333333 0.08333333 0.02777778 0.22222222
 0.02777778]","[0.13888889 0.25       0.13888889 0.05555556 0.08333333 0.
 0.08333333 0.05555556 0.02777778 0.         0.05555556 0.
 0.         0.02777778 0.02777778 0.02777778 0.         0.
 0.02777778]",0.1083404825373073,3.9350587957116674,0.0
35495600,0.2371367173366599,"[0.25       0.01923077 0.03846154 0.         0.         0.01923077
 0.         0.05769231 0.11538462 0.17307692 0.09615385 0.
 0.         0.         0.         0.01923077 0.         0.
 0.         0.         0.         0.         0.         0.21153846]","[0.11538462 0.15384615 0.         0.03846154 0.28846154 0.21153846
 0.19230769]","[0.32692308 0.13461538 0.15384615 0.09615385 0.07692308 0.05769231
 0.05769231 0.01923077 0.         0.03846154 0.         0.01923077
 0.         0.         0.         0.01923077]",0.295604421023838,2.6626587484728845,0.0
1379446926,0.3125954032763151,"[0.046875 0.046875 0.09375  0.015625 0.015625 0.       0.       0.
 0.       0.       0.       0.03125  0.09375  0.21875  0.0625   0.078125
 0.       0.015625 0.015625 0.       0.       0.125    0.078125 0.0625  ]",[0.171875 0.1875   0.       0.0625   0.21875  0.25     0.109375],"[0.390625 0.265625 0.140625 0.015625 0.046875 0.       0.0625   0.03125
 0.015625 0.015625 0.       0.       0.       0.       0.       0.
 0.       0.       0.       0.       0.       0.015625]",0.509033954757824,1.8072664865548247,0.0
592206,0.560630225701994,"[0.08333333 0.09090909 0.09090909 0.06818182 0.04545455 0.03030303
 0.00757576 0.00757576 0.         0.         0.         0.
 0.00757576 0.01515152 0.00757576 0.02272727 0.0530303  0.04545455
 0.0530303  0.06818182 0.04545455 0.09848485 0.08333333 0.07575758]","[0.1969697  0.15909091 0.15909091 0.06818182 0.15151515 0.17424242
 0.09090909]",[0.65151515 0.27272727 0.06818182 0.         0.00757576],1.3224487386208568,1.360845175904577,0.0
484205774,0.0980305888744282,"[0.11594203 0.05797101 0.01449275 0.02898551 0.         0.
 0.         0.         0.         0.         0.01449275 0.08695652
 0.05797101 0.02898551 0.01449275 0.01449275 0.02898551 0.02898551
 0.02898551 0.08695652 0.10144928 0.07246377 0.13043478 0.08695652]","[0.27536232 0.07246377 0.         0.14492754 0.14492754 0.14492754
 0.2173913 ]","[0.42028986 0.34782609 0.07246377 0.01449275 0.         0.07246377
 0.02898551 0.         0.         0.         0.02898551 0.
 0.         0.         0.         0.         0.         0.
 0.         0.         0.         0.         0.         0.
 0.         0.         0.         0.01449275]",0.2071296193732664,1.8585147848494452,0.0
6947363606,0.4394537832117866,"[0.11538462 0.03846154 0.         0.11538462 0.         0.15384615
 0.07692308 0.15384615 0.07692308 0.03846154 0.07692308 0.03846154
 0.         0.         0.         0.         0.         0.
 0.         0.         0.         0.         0.03846154 0.07692308]","[0.26923077 0.03846154 0.07692308 0.11538462 0.23076923 0.11538462
 0.15384615]","[0.26923077 0.07692308 0.11538462 0.15384615 0.07692308 0.
 0.03846154 0.         0.         0.         0.03846154 0.03846154
 0.03846154 0.03846154 0.         0.         0.         0.
 0.         0.         0.03846154 0.         0.         0.
 0.         0.         0.         0.         0.         0.03846154
 0.         0.         0.         0.         0.03846154]",0.6831744271851704,1.4938765112512364,0.0
986988896,0.0536528387593301,"[0.12121212 0.03030303 0.09090909 0.12121212 0.18181818 0.03030303
 0.12121212 0.         0.03030303 0.06060606 0.         0.
 0.         0.03030303 0.         0.         0.06060606 0.
 0.         0.         0.         0.03030303 0.         0.09090909]","[0.12121212 0.21212121 0.18181818 0.15151515 0.12121212 0.03030303
 0.18181818]","[0.15151515 0.18181818 0.15151515 0.06060606 0.03030303 0.12121212
 0.06060606 0.         0.06060606 0.         0.03030303 0.09090909
 0.         0.         0.03030303 0.         0.03030303]",0.0949774849148815,3.381223429078732,0.0
675391573,1.5731655970501477,"[0.05263158 0.05263158 0.02631579 0.02631579 0.         0.05263158
 0.05263158 0.10526316 0.05263158 0.05263158 0.02631579 0.
 0.         0.         0.         0.         0.         0.
 0.         0.         0.07894737 0.10526316 0.15789474 0.15789474]","[0.10526316 0.13157895 0.02631579 0.10526316 0.23684211 0.21052632
 0.18421053]","[0.26315789 0.13157895 0.13157895 0.10526316 0.05263158 0.05263158
 0.07894737 0.05263158 0.02631579 0.         0.05263158 0.
 0.02631579 0.         0.         0.         0.         0.
 0.         0.         0.02631579]",1.823456436319459,1.6987631353057724,0.0
654080713,0.079999586565444,"[0.33333333 0.         0.33333333 0.         0.         0.33333333
 0.         0.         0.         0.         0.         0.
 0.         0.         0.         0.         0.         0.
 0.         0.         0.         0.         0.         0.        ]","[0.33333333 0.33333333 0.         0.         0.         0.33333333
 0.        ]","[0.         0.         0.         0.         0.         0.
 0.         0.         0.         0.         0.         0.
 0.         0.         0.         0.         0.         0.
 0.         0.         0.         0.         0.         0.
 0.         0.33333333 0.         0.         0.         0.
 0.         0.         0.33333333 0.         0.         0.
 0.         0.         0.         0.         0.         0.
 0.         0.         0.         0.         0.         0.
 0.         0.         0.         0.         0.         0.
 0.         0.         0.         0.         0.         0.
 0.         0.         0.         0.         0.         0.
 0.         0.         0.         0.         0.         0.
 0.         0.         0.         0.         0.         0.
 0.         0.         0.         0.         0.         0.
 0.         0.         0.         0.         0.         0.
 0.         0.         0.         0.         0.         0.
 0.         0.         0.         0.         0.         0.
 0.         0.         0.         0.         0.         0.
 0.         0.         0.         0.         0.         0.
 0.         0.33333333]",0.0232600921609361,2.882334725675943,0.0
369285734,0.1606867243165525,"[0.06329114 0.02531646 0.08860759 0.02531646 0.05063291 0.01265823
 0.         0.         0.01265823 0.         0.         0.
 0.03797468 0.02531646 0.03797468 0.03797468 0.08860759 0.07594937
 0.03797468 0.01265823 0.08860759 0.11392405 0.06329114 0.10126582]","[0.15189873 0.10126582 0.17721519 0.17721519 0.08860759 0.08860759
 0.21518987]","[0.53164557 0.21518987 0.10126582 0.07594937 0.01265823 0.
 0.02531646 0.         0.01265823 0.01265823 0.         0.01265823]",0.5463362844867548,0.8803869693087778,0.0
998294634,32.91626564003987,"[0.06493506 0.03896104 0.03896104 0.07792208 0.02597403 0.1038961
 0.         0.         0.01298701 0.03896104 0.         0.
 0.         0.         0.         0.         0.         0.
 0.02597403 0.2987013  0.03896104 0.01298701 0.07792208 0.14285714]","[0.19480519 0.12987013 0.24675325 0.06493506 0.16883117 0.18181818
 0.01298701]",[0.46753247 0.22077922 0.1038961  0.09090909 0.05194805 0.06493506],0.8504280207939382,2.500184232059764,0.0
961777013,0.2203664193386697,"[0.03703704 0.01851852 0.03703704 0.01851852 0.05555556 0.09259259
 0.11111111 0.09259259 0.         0.01851852 0.         0.
 0.         0.         0.         0.         0.         0.03703704
 0.07407407 0.11111111 0.09259259 0.12962963 0.01851852 0.05555556]","[0.2037037  0.14814815 0.2037037  0.11111111 0.09259259 0.07407407
 0.16666667]","[0.33333333 0.24074074 0.11111111 0.11111111 0.03703704 0.01851852
 0.05555556 0.03703704 0.         0.03703704 0.         0.01851852]",0.4424965748015765,1.3822325726109022,0.0
404876228,0.3252093723534383,"[0.27659574 0.12765957 0.0212766  0.         0.06382979 0.04255319
 0.0212766  0.0212766  0.         0.         0.         0.
 0.         0.06382979 0.08510638 0.04255319 0.         0.04255319
 0.         0.         0.06382979 0.0212766  0.04255319 0.06382979]","[0.17021277 0.12765957 0.19148936 0.08510638 0.14893617 0.10638298
 0.17021277]","[0.34042553 0.14893617 0.12765957 0.10638298 0.06382979 0.0212766
 0.06382979 0.06382979 0.         0.0212766  0.0212766  0.0212766 ]",0.7243717154067438,2.829507778199778,0.0
957719916,0.2283298097251642,"[0.25       0.05555556 0.11111111 0.         0.08333333 0.08333333
 0.02777778 0.08333333 0.05555556 0.         0.02777778 0.02777778
 0.08333333 0.05555556 0.         0.         0.         0.
 0.         0.         0.         0.         0.         0.05555556]","[0.30555556 0.02777778 0.36111111 0.16666667 0.05555556 0.02777778
 0.05555556]","[0.27777778 0.25       0.08333333 0.08333333 0.11111111 0.
 0.08333333 0.         0.         0.         0.02777778 0.
 0.         0.         0.         0.         0.05555556 0.
 0.         0.         0.         0.         0.         0.
 0.         0.         0.         0.         0.         0.02777778]",0.2894695903970994,2.501378278273659,0.0
667601456,2.9218111170847822,"[0.02380952 0.         0.08333333 0.         0.         0.
 0.         0.         0.         0.         0.         0.10714286
 0.19047619 0.19047619 0.05952381 0.         0.         0.03571429
 0.         0.02380952 0.03571429 0.11904762 0.07142857 0.05952381]","[0.04761905 0.05952381 0.         0.13095238 0.45238095 0.08333333
 0.22619048]","[0.5        0.25       0.16666667 0.04761905 0.01190476 0.
 0.         0.01190476 0.01190476]",0.4784467432613538,3.800425027033442,0.0
833969034,0.2911868626588359,"[0.08641975 0.04938272 0.03703704 0.02469136 0.0617284  0.01234568
 0.09876543 0.0617284  0.04938272 0.04938272 0.03703704 0.
 0.         0.01234568 0.         0.         0.         0.
 0.         0.         0.         0.01234568 0.19753086 0.20987654]","[0.2962963  0.12345679 0.11111111 0.01234568 0.11111111 0.18518519
 0.16049383]","[0.54320988 0.20987654 0.13580247 0.04938272 0.01234568 0.02469136
 0.01234568 0.         0.         0.         0.         0.01234568]",0.5663114138243135,1.5418762300903912,0.0
1680676484,0.3631328099045808,"[0.29230769 0.18461538 0.03076923 0.01538462 0.         0.
 0.         0.         0.         0.         0.         0.10769231
 0.12307692 0.04615385 0.         0.01538462 0.         0.
 0.         0.         0.01538462 0.         0.04615385 0.12307692]","[0.24615385 0.03076923 0.01538462 0.16923077 0.18461538 0.18461538
 0.16923077]","[0.49230769 0.23076923 0.10769231 0.04615385 0.03076923 0.03076923
 0.01538462 0.         0.01538462 0.01538462 0.         0.
 0.         0.01538462]",0.4817376553684204,2.327253936285048,0.0
1279173527,0.164655444357829,"[0.17241379 0.02298851 0.         0.         0.         0.
 0.         0.         0.         0.         0.         0.
 0.01149425 0.04597701 0.02298851 0.         0.01149425 0.02298851
 0.         0.03448276 0.02298851 0.05747126 0.25287356 0.32183908]","[0.2183908  0.2183908  0.18390805 0.12643678 0.         0.
 0.25287356]","[0.57471264 0.20689655 0.13793103 0.04597701 0.02298851 0.
 0.01149425]",0.7048568998872419,1.3692569034988644,0.0
1753465784,0.1596205378425358,"[0.05 0.   0.   0.1  0.1  0.05 0.2  0.2  0.1  0.   0.   0.   0.   0.
 0.   0.   0.   0.   0.   0.   0.05 0.05 0.1  0.  ]",[0.1  0.25 0.25 0.3  0.   0.1  0.  ],"[0.5  0.2  0.   0.05 0.   0.   0.   0.   0.   0.1  0.   0.   0.   0.
 0.   0.   0.   0.   0.   0.   0.   0.   0.05 0.05 0.   0.   0.   0.
 0.   0.   0.   0.   0.   0.   0.   0.   0.   0.   0.   0.   0.   0.
 0.   0.   0.   0.   0.   0.   0.   0.   0.   0.   0.   0.   0.   0.
 0.   0.   0.   0.   0.   0.   0.   0.05]",0.2013524908065508,2.3967915576067864,0.0
523604920,0.0806651639460327,"[0.33333333 0.22222222 0.         0.         0.         0.
 0.         0.         0.11111111 0.11111111 0.11111111 0.
 0.         0.         0.         0.         0.         0.
 0.         0.11111111 0.         0.         0.         0.        ]","[0.44444444 0.33333333 0.         0.         0.         0.22222222
 0.        ]","[0.55555556 0.22222222 0.         0.11111111 0.         0.
 0.         0.         0.         0.         0.         0.
 0.         0.         0.         0.         0.         0.
 0.         0.         0.         0.         0.         0.
 0.         0.         0.         0.         0.         0.
 0.         0.         0.         0.         0.         0.
 0.         0.         0.         0.         0.         0.
 0.         0.         0.         0.         0.         0.
 0.         0.         0.         0.         0.         0.
 0.         0.         0.         0.         0.         0.
 0.         0.         0.         0.         0.         0.
 0.         0.         0.         0.         0.         0.
 0.         0.         0.         0.         0.         0.
 0.         0.         0.         0.         0.         0.
 0.         0.         0.         0.         0.         0.
 0.         0.         0.         0.         0.         0.
 0.         0.         0.         0.         0.         0.
 0.         0.         0.         0.         0.         0.
 0.         0.         0.         0.         0.         0.
 0.         0.         0.         0.         0.         0.
 0.         0.         0.         0.         0.         0.
 0.         0.         0.         0.         0.         0.
 0.         0.         0.         0.         0.         0.
 0.         0.11111111]",0.0769170539191345,2.8057949719867494,0.9
8103603397,0.4091169891650508,"[0.13333333 0.16666667 0.         0.         0.06666667 0.03333333
 0.03333333 0.06666667 0.         0.         0.         0.
 0.         0.         0.         0.         0.         0.1
 0.23333333 0.13333333 0.         0.         0.         0.03333333]","[0.23333333 0.2        0.06666667 0.06666667 0.06666667 0.16666667
 0.2       ]","[0.3        0.23333333 0.16666667 0.         0.1        0.03333333
 0.         0.         0.         0.03333333 0.         0.
 0.         0.         0.03333333 0.         0.         0.
 0.03333333 0.         0.03333333 0.         0.         0.
 0.         0.         0.         0.         0.03333333]",0.6068416174817478,1.966146220300651,0.0
7093536,0.0414226442319579,"[0.27272727 0.         0.         0.09090909 0.         0.
 0.09090909 0.09090909 0.09090909 0.         0.         0.09090909
 0.         0.09090909 0.         0.         0.         0.
 0.         0.         0.         0.         0.09090909 0.09090909]","[0.36363636 0.09090909 0.09090909 0.09090909 0.18181818 0.
 0.18181818]","[0.         0.09090909 0.09090909 0.09090909 0.09090909 0.09090909
 0.         0.         0.09090909 0.         0.         0.
 0.         0.09090909 0.09090909 0.         0.         0.
 0.09090909 0.         0.         0.         0.         0.
 0.         0.         0.09090909 0.         0.         0.
 0.         0.         0.         0.         0.         0.
 0.         0.         0.         0.         0.         0.
 0.         0.         0.         0.         0.         0.09090909]",0.0776698330907649,3.596515566184968,0.0
5385783999,0.184536612942756,"[0.10638298 0.         0.06382979 0.         0.06382979 0.04255319
 0.04255319 0.06382979 0.0212766  0.08510638 0.0212766  0.08510638
 0.0212766  0.0212766  0.0212766  0.         0.         0.
 0.         0.         0.08510638 0.0212766  0.12765957 0.10638298]","[0.12765957 0.14893617 0.06382979 0.         0.25531915 0.25531915
 0.14893617]","[0.38297872 0.19148936 0.06382979 0.12765957 0.12765957 0.0212766
 0.0212766  0.         0.0212766  0.         0.         0.
 0.         0.         0.0212766  0.0212766 ]",0.2872199054986127,1.8900826642812285,0.0
5939000459,8.74346432788716,"[0.22666667 0.12       0.         0.         0.         0.
 0.         0.         0.         0.04       0.16       0.13333333
 0.10666667 0.02666667 0.         0.01333333 0.         0.
 0.         0.         0.         0.         0.01333333 0.16      ]","[0.45333333 0.08       0.01333333 0.         0.         0.21333333
 0.24      ]","[0.52       0.25333333 0.13333333 0.02666667 0.02666667 0.01333333
 0.01333333 0.         0.01333333]",0.7663867890596731,1.8171553428646143,0.0
882741473,0.0927873936549171,"[0.19047619 0.0952381  0.0952381  0.0952381  0.14285714 0.0952381
 0.04761905 0.         0.         0.         0.         0.
 0.         0.04761905 0.         0.04761905 0.         0.04761905
 0.         0.         0.         0.04761905 0.         0.04761905]","[0.19047619 0.14285714 0.14285714 0.14285714 0.23809524 0.
 0.14285714]","[0.23809524 0.14285714 0.14285714 0.04761905 0.0952381  0.04761905
 0.         0.         0.04761905 0.         0.         0.04761905
 0.         0.         0.         0.         0.0952381  0.
 0.04761905 0.         0.         0.         0.         0.
 0.         0.         0.         0.         0.         0.04761905]",0.076367548409767,3.12102545827675,0.0
846583442,0.880150294670192,"[0.08163265 0.10204082 0.08163265 0.12244898 0.04081633 0.02040816
 0.04081633 0.10204082 0.08163265 0.06122449 0.         0.
 0.         0.         0.         0.         0.         0.
 0.02040816 0.         0.04081633 0.08163265 0.04081633 0.08163265]","[0.16326531 0.28571429 0.14285714 0.06122449 0.14285714 0.08163265
 0.12244898]","[0.46938776 0.12244898 0.10204082 0.14285714 0.06122449 0.02040816
 0.02040816 0.         0.         0.         0.02040816 0.
 0.02040816 0.02040816]",1.2594716323725927,1.3372117754856467,0.0
739287264,2.6213013834646146,"[0.12121212 0.06060606 0.03030303 0.         0.         0.
 0.         0.         0.         0.09090909 0.03030303 0.06060606
 0.         0.03030303 0.06060606 0.15151515 0.         0.06060606
 0.12121212 0.03030303 0.06060606 0.03030303 0.06060606 0.        ]","[0.27272727 0.09090909 0.21212121 0.15151515 0.09090909 0.06060606
 0.12121212]","[0.39393939 0.12121212 0.12121212 0.03030303 0.09090909 0.
 0.03030303 0.03030303 0.         0.         0.09090909 0.03030303
 0.03030303 0.         0.         0.         0.         0.03030303]",5.945152465470074,1.2342390145335014,0.0
763736495,0.2206351841802355,"[0.03703704 0.14814815 0.07407407 0.03703704 0.11111111 0.
 0.11111111 0.03703704 0.03703704 0.14814815 0.07407407 0.07407407
 0.03703704 0.         0.         0.         0.         0.
 0.03703704 0.         0.         0.         0.03703704 0.        ]","[0.11111111 0.07407407 0.18518519 0.11111111 0.03703704 0.40740741
 0.07407407]","[0.25925926 0.11111111 0.14814815 0.07407407 0.11111111 0.03703704
 0.11111111 0.         0.         0.         0.         0.
 0.03703704 0.         0.03703704 0.         0.07407407]",0.3612263219526042,2.7089171482690206,0.0
47528201,0.2989380807715834,"[0.04651163 0.04651163 0.         0.         0.06976744 0.
 0.         0.02325581 0.         0.         0.         0.
 0.02325581 0.         0.02325581 0.02325581 0.02325581 0.09302326
 0.02325581 0.11627907 0.02325581 0.11627907 0.1627907  0.18604651]","[0.13953488 0.13953488 0.18604651 0.04651163 0.11627907 0.09302326
 0.27906977]","[0.55813953 0.11627907 0.06976744 0.09302326 0.11627907 0.02325581
 0.         0.         0.         0.         0.         0.
 0.         0.         0.         0.         0.         0.
 0.         0.         0.         0.         0.         0.
 0.         0.         0.         0.         0.         0.
 0.         0.         0.         0.         0.         0.
 0.         0.         0.         0.         0.         0.
 0.         0.         0.         0.         0.02325581]",0.6791994439038882,1.5942833005308406,0.0
363858003,0.7778303109796043,"[0.22 0.04 0.02 0.04 0.   0.   0.02 0.   0.02 0.   0.   0.   0.   0.
 0.   0.12 0.28 0.02 0.02 0.02 0.04 0.06 0.   0.08]",[0.1  0.16 0.14 0.04 0.14 0.22 0.2 ],[0.54 0.16 0.08 0.06 0.02 0.02 0.04 0.04 0.   0.   0.   0.   0.02 0.02],1.2034723041384645,1.126610421720582,0.0
6527377113,1.1157024793389037,"[0.09090909 0.02597403 0.01298701 0.01298701 0.01298701 0.
 0.         0.         0.         0.         0.         0.01298701
 0.28571429 0.44155844 0.01298701 0.01298701 0.         0.
 0.         0.         0.         0.         0.03896104 0.03896104]","[0.36363636 0.2987013  0.02597403 0.         0.         0.01298701
 0.2987013 ]","[0.57142857 0.25974026 0.09090909 0.03896104 0.02597403 0.
 0.01298701]",1.5713815920226442,2.15451643257474,0.0
7435725662,0.2049584359873449,"[0.13157895 0.02631579 0.02631579 0.         0.         0.
 0.         0.02631579 0.02631579 0.         0.         0.
 0.02631579 0.13157895 0.05263158 0.05263158 0.07894737 0.10526316
 0.02631579 0.02631579 0.05263158 0.05263158 0.07894737 0.07894737]","[0.18421053 0.15789474 0.15789474 0.07894737 0.10526316 0.13157895
 0.18421053]","[0.31578947 0.21052632 0.23684211 0.02631579 0.02631579 0.13157895
 0.02631579 0.         0.         0.         0.         0.
 0.         0.         0.         0.         0.         0.
 0.         0.         0.         0.         0.         0.
 0.         0.         0.         0.         0.         0.
 0.         0.02631579]",0.4414004184223369,2.1147139302630267,0.0
1218624023,0.0830156398192404,"[0.08450704 0.07042254 0.09859155 0.04225352 0.07042254 0.08450704
 0.01408451 0.08450704 0.09859155 0.01408451 0.04225352 0.07042254
 0.05633803 0.04225352 0.         0.01408451 0.         0.
 0.         0.         0.01408451 0.01408451 0.01408451 0.07042254]","[0.05633803 0.15492958 0.12676056 0.21126761 0.1971831  0.09859155
 0.15492958]","[0.53521127 0.29577465 0.08450704 0.04225352 0.02816901 0.
 0.         0.         0.         0.         0.         0.
 0.01408451]",0.3415249816415847,1.4117954465004117,0.0
183545249,0.2169804176718508,"[0.2        0.09090909 0.05454545 0.01818182 0.03636364 0.01818182
 0.01818182 0.05454545 0.05454545 0.12727273 0.05454545 0.10909091
 0.03636364 0.         0.03636364 0.05454545 0.         0.
 0.         0.         0.         0.         0.         0.03636364]","[0.16363636 0.27272727 0.16363636 0.09090909 0.09090909 0.09090909
 0.12727273]","[0.49090909 0.23636364 0.10909091 0.05454545 0.         0.07272727
 0.         0.         0.         0.01818182 0.         0.
 0.         0.         0.         0.01818182]",0.6129039949201787,1.6660812020025133,0.0
586275546,1.1107623723926534,"[0.06756757 0.02702703 0.04054054 0.08108108 0.13513514 0.05405405
 0.01351351 0.01351351 0.         0.         0.         0.
 0.         0.         0.01351351 0.05405405 0.12162162 0.12162162
 0.06756757 0.06756757 0.02702703 0.02702703 0.02702703 0.04054054]","[0.17567568 0.10810811 0.13513514 0.10810811 0.12162162 0.14864865
 0.2027027 ]","[0.60810811 0.22972973 0.06756757 0.06756757 0.         0.
 0.01351351 0.         0.         0.         0.01351351]",6.185303712188345,0.9825261715961544,0.0
823159223,0.0964404112111979,"[0.04761905 0.         0.03174603 0.04761905 0.04761905 0.01587302
 0.         0.07936508 0.11111111 0.0952381  0.04761905 0.01587302
 0.03174603 0.04761905 0.03174603 0.         0.         0.
 0.         0.         0.         0.04761905 0.14285714 0.15873016]","[0.22222222 0.14285714 0.33333333 0.0952381  0.03174603 0.07936508
 0.0952381 ]","[0.58730159 0.22222222 0.07936508 0.04761905 0.01587302 0.01587302
 0.01587302 0.         0.         0.         0.         0.
 0.         0.         0.         0.         0.         0.
 0.         0.         0.01587302]",0.3128612252102246,1.7620739310650428,0.0
1889882810,1.3092377868310163,"[0.02777778 0.         0.         0.         0.         0.
 0.         0.         0.         0.08333333 0.08333333 0.08333333
 0.         0.08333333 0.11111111 0.08333333 0.         0.05555556
 0.05555556 0.08333333 0.05555556 0.08333333 0.08333333 0.02777778]","[0.16666667 0.16666667 0.19444444 0.08333333 0.13888889 0.11111111
 0.13888889]","[0.52777778 0.08333333 0.05555556 0.05555556 0.05555556 0.
 0.05555556 0.02777778 0.02777778 0.02777778 0.02777778 0.
 0.         0.02777778 0.02777778]",3.205843455398862,1.1747468536625547,0.0
883181444,0.6490750899844132,"[0.08333333 0.         0.         0.         0.         0.
 0.         0.02083333 0.         0.0625     0.02083333 0.08333333
 0.10416667 0.04166667 0.04166667 0.04166667 0.08333333 0.02083333
 0.0625     0.04166667 0.04166667 0.04166667 0.02083333 0.1875    ]","[0.25       0.10416667 0.125      0.125      0.20833333 0.16666667
 0.02083333]","[0.27083333 0.35416667 0.125      0.10416667 0.08333333 0.
 0.02083333 0.02083333 0.         0.02083333]",1.4317551216597793,2.542500027133045,0.0
6352496684,0.0869551087663486,"[0.21052632 0.05263158 0.         0.         0.         0.
 0.10526316 0.10526316 0.05263158 0.         0.10526316 0.05263158
 0.         0.         0.10526316 0.15789474 0.05263158 0.
 0.         0.         0.         0.         0.         0.        ]","[0.21052632 0.15789474 0.10526316 0.05263158 0.10526316 0.31578947
 0.05263158]","[0.31578947 0.         0.15789474 0.15789474 0.         0.05263158
 0.05263158 0.         0.         0.05263158 0.         0.
 0.05263158 0.         0.         0.         0.05263158 0.
 0.         0.         0.05263158 0.         0.         0.
 0.         0.         0.         0.05263158]",0.1409924421587376,3.197267661871526,0.0
5022291667,0.1443588683435177,"[0.01886792 0.03773585 0.         0.01886792 0.03773585 0.11320755
 0.11320755 0.20754717 0.13207547 0.01886792 0.01886792 0.01886792
 0.         0.         0.         0.         0.         0.
 0.         0.         0.03773585 0.1509434  0.05660377 0.01886792]","[0.26415094 0.09433962 0.         0.09433962 0.24528302 0.16981132
 0.13207547]","[0.47169811 0.24528302 0.11320755 0.         0.05660377 0.03773585
 0.01886792 0.05660377]",0.3396505239563691,1.3327931709411545,0.0
713442267,0.0821433149596208,"[0.08108108 0.         0.         0.         0.         0.
 0.         0.         0.         0.02702703 0.05405405 0.02702703
 0.02702703 0.         0.02702703 0.2972973  0.08108108 0.05405405
 0.02702703 0.08108108 0.         0.         0.18918919 0.02702703]","[0.24324324 0.10810811 0.21621622 0.10810811 0.05405405 0.02702703
 0.24324324]","[0.40540541 0.18918919 0.16216216 0.02702703 0.08108108 0.05405405
 0.         0.         0.         0.         0.02702703 0.
 0.         0.         0.         0.02702703 0.         0.
 0.         0.         0.02702703]",0.2056165488610778,2.847787730749858,0.0
458678536,1.5379378016300398,"[0.08196721 0.         0.04918033 0.03278689 0.03278689 0.03278689
 0.         0.06557377 0.         0.         0.         0.01639344
 0.01639344 0.03278689 0.01639344 0.04918033 0.1147541  0.
 0.09836066 0.08196721 0.03278689 0.06557377 0.14754098 0.03278689]","[0.21311475 0.06557377 0.13114754 0.06557377 0.16393443 0.14754098
 0.21311475]","[0.62295082 0.09836066 0.09836066 0.1147541  0.04918033 0.
 0.         0.         0.         0.         0.         0.
 0.         0.01639344]",6.677719937155641,0.6597680499597326,0.1
1064775918,0.0831843128250069,"[0.04918033 0.         0.04918033 0.04918033 0.04918033 0.03278689
 0.01639344 0.04918033 0.14754098 0.08196721 0.06557377 0.06557377
 0.01639344 0.         0.         0.         0.         0.
 0.         0.         0.01639344 0.16393443 0.04918033 0.09836066]","[0.37704918 0.19672131 0.09836066 0.04918033 0.08196721 0.06557377
 0.13114754]","[0.59016393 0.18032787 0.08196721 0.04918033 0.03278689 0.01639344
 0.03278689 0.         0.         0.01639344]",0.3390716338732202,1.0294468489766258,0.0
1209631818,0.3132430234013262,"[0.25714286 0.02857143 0.11428571 0.02857143 0.         0.
 0.02857143 0.         0.         0.         0.         0.
 0.         0.         0.         0.11428571 0.17142857 0.08571429
 0.02857143 0.         0.02857143 0.02857143 0.02857143 0.05714286]","[0.34285714 0.22857143 0.11428571 0.11428571 0.05714286 0.02857143
 0.11428571]","[0.37142857 0.2        0.05714286 0.11428571 0.02857143 0.08571429
 0.02857143 0.02857143 0.02857143 0.         0.         0.
 0.02857143 0.         0.02857143]",0.6223981658777555,1.8891563050750355,0.0
583442578,0.0720509525540565,"[0.03225806 0.06451613 0.03225806 0.         0.03225806 0.03225806
 0.03225806 0.         0.         0.         0.         0.
 0.         0.03225806 0.06451613 0.         0.09677419 0.06451613
 0.06451613 0.12903226 0.06451613 0.09677419 0.12903226 0.03225806]","[0.06451613 0.09677419 0.22580645 0.22580645 0.12903226 0.19354839
 0.06451613]","[0.41935484 0.16129032 0.03225806 0.03225806 0.12903226 0.06451613
 0.03225806 0.06451613 0.         0.         0.         0.03225806
 0.         0.         0.         0.         0.         0.
 0.         0.         0.         0.         0.         0.
 0.         0.03225806]",0.1111786916568559,2.53995679682907,0.0
611657563,0.0670352014920961,"[0.05882353 0.02941176 0.         0.05882353 0.05882353 0.
 0.         0.02941176 0.         0.11764706 0.02941176 0.02941176
 0.05882353 0.11764706 0.08823529 0.         0.02941176 0.08823529
 0.08823529 0.02941176 0.02941176 0.         0.02941176 0.02941176]","[0.11764706 0.14705882 0.05882353 0.05882353 0.23529412 0.26470588
 0.11764706]","[0.47058824 0.20588235 0.02941176 0.08823529 0.05882353 0.02941176
 0.         0.02941176 0.         0.         0.         0.02941176
 0.         0.         0.         0.         0.02941176 0.
 0.         0.         0.         0.02941176]",0.2225747240851986,1.4933669347305292,0.05
469791979,1.2920988428355311,"[0.02631579 0.02631579 0.05263158 0.10526316 0.07894737 0.02631579
 0.02631579 0.05263158 0.         0.07894737 0.         0.
 0.         0.         0.         0.         0.         0.02631579
 0.02631579 0.15789474 0.         0.05263158 0.07894737 0.18421053]","[0.05263158 0.15789474 0.13157895 0.13157895 0.23684211 0.21052632
 0.07894737]","[0.34210526 0.26315789 0.15789474 0.05263158 0.05263158 0.02631579
 0.02631579 0.02631579 0.         0.02631579 0.         0.
 0.         0.         0.         0.         0.02631579]",0.9287897545062512,1.2070621253691785,0.05
1954845918,0.3608141850523615,"[0.0625     0.0625     0.0625     0.02083333 0.04166667 0.02083333
 0.02083333 0.         0.         0.02083333 0.         0.
 0.10416667 0.14583333 0.10416667 0.04166667 0.08333333 0.04166667
 0.02083333 0.         0.         0.02083333 0.02083333 0.10416667]","[0.29166667 0.125      0.10416667 0.0625     0.         0.3125
 0.10416667]","[0.33333333 0.29166667 0.1875     0.08333333 0.0625     0.02083333
 0.         0.         0.02083333]",1.0633820835225116,1.3175921881000567,0.0
1083421726,2.6848935255459936,"[0.12903226 0.03225806 0.09677419 0.         0.03225806 0.03225806
 0.         0.         0.         0.         0.03225806 0.03225806
 0.09677419 0.09677419 0.         0.06451613 0.         0.06451613
 0.09677419 0.06451613 0.12903226 0.         0.         0.        ]","[0.16129032 0.03225806 0.12903226 0.12903226 0.22580645 0.19354839
 0.12903226]","[0.38709677 0.16129032 0.16129032 0.09677419 0.         0.
 0.         0.03225806 0.03225806 0.         0.03225806 0.03225806
 0.03225806 0.03225806]",4.66166108971997,0.7037061954234103,0.05
219975258,0.3495391373347472,"[0.1744186  0.06976744 0.04651163 0.02325581 0.03488372 0.06976744
 0.         0.03488372 0.06976744 0.06976744 0.05813953 0.03488372
 0.03488372 0.04651163 0.04651163 0.         0.         0.01162791
 0.         0.         0.         0.         0.02325581 0.15116279]","[0.31395349 0.1744186  0.09302326 0.11627907 0.08139535 0.09302326
 0.12790698]",[0.77906977 0.15116279 0.03488372 0.02325581 0.01162791],0.5693126443639107,1.128947484162265,0.0
5586176106,15.430775825119769,"[0.16666667 0.03703704 0.         0.03703704 0.         0.03703704
 0.01851852 0.38888889 0.01851852 0.         0.03703704 0.
 0.07407407 0.         0.01851852 0.         0.         0.
 0.         0.         0.         0.         0.         0.16666667]","[0.38888889 0.         0.03703704 0.25925926 0.09259259 0.14814815
 0.07407407]","[0.42592593 0.31481481 0.14814815 0.05555556 0.03703704 0.
 0.         0.         0.         0.         0.01851852]",2.7301656672672454,1.5841423085265507,0.05
693106176,0.1551726743831307,"[0.08108108 0.08108108 0.05405405 0.         0.02702703 0.05405405
 0.02702703 0.         0.         0.02702703 0.         0.
 0.         0.         0.         0.05405405 0.05405405 0.16216216
 0.24324324 0.05405405 0.         0.02702703 0.05405405 0.        ]","[0.02702703 0.02702703 0.24324324 0.10810811 0.24324324 0.18918919
 0.16216216]","[0.35135135 0.35135135 0.02702703 0.08108108 0.         0.08108108
 0.         0.         0.08108108 0.         0.         0.
 0.         0.         0.02702703]",0.2881492850639672,1.826524310285842,0.0
4520788,0.1861147783456212,"[0.09677419 0.12903226 0.12903226 0.09677419 0.         0.
 0.         0.03225806 0.03225806 0.03225806 0.         0.
 0.         0.         0.03225806 0.06451613 0.09677419 0.03225806
 0.         0.03225806 0.06451613 0.06451613 0.06451613 0.        ]","[0.12903226 0.12903226 0.06451613 0.09677419 0.19354839 0.16129032
 0.22580645]","[0.29032258 0.25806452 0.03225806 0.12903226 0.06451613 0.03225806
 0.16129032 0.         0.         0.         0.         0.
 0.         0.         0.         0.         0.         0.03225806]",0.5280997913914562,2.093813688172664,0.05
299632362,0.0568986227468048,"[0.07692308 0.         0.         0.         0.07692308 0.
 0.         0.         0.         0.15384615 0.         0.
 0.         0.         0.         0.         0.         0.
 0.         0.38461538 0.07692308 0.         0.15384615 0.07692308]","[0.07692308 0.07692308 0.30769231 0.07692308 0.07692308 0.30769231
 0.07692308]","[0.15384615 0.07692308 0.15384615 0.07692308 0.         0.
 0.15384615 0.15384615 0.         0.         0.         0.
 0.         0.         0.07692308 0.         0.         0.
 0.         0.         0.         0.         0.         0.
 0.         0.07692308 0.07692308]",0.1060383831326034,3.2481817707231855,0.0
15107476,0.0533866870656538,"[0.07142857 0.07142857 0.07142857 0.14285714 0.14285714 0.07142857
 0.         0.         0.         0.         0.         0.
 0.         0.         0.         0.         0.         0.
 0.         0.07142857 0.14285714 0.14285714 0.         0.07142857]","[0.14285714 0.21428571 0.14285714 0.21428571 0.21428571 0.
 0.07142857]","[0.28571429 0.14285714 0.14285714 0.         0.         0.07142857
 0.07142857 0.         0.07142857 0.07142857 0.07142857 0.
 0.         0.         0.         0.         0.         0.
 0.         0.         0.         0.         0.         0.
 0.         0.         0.         0.         0.         0.
 0.         0.         0.         0.         0.         0.
 0.         0.         0.         0.         0.         0.
 0.         0.         0.         0.         0.         0.
 0.         0.         0.         0.         0.07142857]",0.0529160236915447,3.151798235615048,0.0
949243245,98.97360703829504,"[0.11428571 0.05714286 0.08571429 0.         0.02857143 0.02857143
 0.         0.         0.         0.         0.         0.08571429
 0.         0.22857143 0.11428571 0.02857143 0.         0.
 0.         0.         0.         0.08571429 0.02857143 0.11428571]","[0.31428571 0.05714286 0.05714286 0.2        0.14285714 0.17142857
 0.05714286]","[0.28571429 0.14285714 0.28571429 0.08571429 0.02857143 0.08571429
 0.         0.05714286 0.02857143]",0.1753492444935155,2.2297982784867125,0.7
898027086,0.0808328780246835,"[0.03125 0.0625  0.03125 0.      0.0625  0.09375 0.03125 0.09375 0.0625
 0.09375 0.03125 0.      0.      0.      0.      0.15625 0.03125 0.
 0.0625  0.      0.      0.09375 0.03125 0.03125]",[0.15625 0.0625  0.0625  0.1875  0.1875  0.28125 0.0625 ],"[0.34375 0.3125  0.03125 0.03125 0.03125 0.09375 0.03125 0.0625  0.
 0.03125 0.      0.      0.03125]",0.1398358668420588,1.7682326387725922,0.0
1919853430,0.2227884218420612,"[0.06666667 0.03333333 0.06666667 0.2        0.03333333 0.06666667
 0.1        0.03333333 0.03333333 0.03333333 0.06666667 0.06666667
 0.         0.         0.06666667 0.03333333 0.         0.
 0.         0.         0.         0.         0.06666667 0.03333333]","[0.16666667 0.13333333 0.1        0.1        0.06666667 0.26666667
 0.16666667]","[0.46666667 0.16666667 0.06666667 0.1        0.03333333 0.03333333
 0.03333333 0.03333333 0.         0.         0.         0.03333333
 0.         0.         0.         0.         0.         0.
 0.         0.         0.         0.         0.         0.
 0.         0.03333333]",0.4204955033354813,2.4598667044700013,0.0
7674063810,2.8728998332694093,"[0.06122449 0.         0.04081633 0.06122449 0.12244898 0.08163265
 0.08163265 0.08163265 0.06122449 0.02040816 0.04081633 0.02040816
 0.10204082 0.10204082 0.         0.         0.         0.
 0.         0.02040816 0.         0.06122449 0.02040816 0.02040816]","[0.20408163 0.18367347 0.12244898 0.10204082 0.06122449 0.14285714
 0.18367347]","[0.53061224 0.18367347 0.12244898 0.08163265 0.04081633 0.02040816
 0.         0.         0.         0.         0.02040816]",1.7575689714397416,1.7433804993857116,0.0
743457298,0.8194362725098061,"[0.03921569 0.03921569 0.07843137 0.05882353 0.         0.
 0.         0.         0.         0.         0.         0.
 0.         0.         0.05882353 0.07843137 0.07843137 0.19607843
 0.1372549  0.05882353 0.03921569 0.01960784 0.03921569 0.07843137]","[0.11764706 0.05882353 0.31372549 0.19607843 0.09803922 0.07843137
 0.1372549 ]","[0.56862745 0.21568627 0.07843137 0.05882353 0.         0.03921569
 0.01960784 0.         0.         0.01960784]",1.6928105931060644,1.0549561221739798,0.0
5956121407,3.037000792994684,"[0.03703704 0.         0.         0.         0.         0.
 0.         0.         0.         0.         0.         0.09259259
 0.         0.05555556 0.05555556 0.25925926 0.09259259 0.01851852
 0.         0.         0.         0.         0.2962963  0.09259259]","[0.18518519 0.05555556 0.12962963 0.05555556 0.25925926 0.11111111
 0.2037037 ]","[0.44444444 0.37037037 0.12962963 0.01851852 0.         0.
 0.01851852 0.01851852]",3.0504114793924058,1.2913258636170908,0.0
7176429974,3.0880265026030105,"[0.04054054 0.         0.02702703 0.08108108 0.04054054 0.04054054
 0.01351351 0.04054054 0.08108108 0.10810811 0.06756757 0.05405405
 0.04054054 0.01351351 0.         0.         0.         0.
 0.01351351 0.         0.02702703 0.12162162 0.16216216 0.02702703]","[0.06756757 0.16216216 0.18918919 0.17567568 0.2027027  0.14864865
 0.05405405]",[0.71621622 0.18918919 0.08108108 0.01351351],2.224498319592998,1.0863424922133256,0.0
